0.008122641324741676,0.014247911831923924,0.001331580545039619,6063
0.012383699068868458,0.0167779148674992,0.0014647385995435807,29558
0.008122641324741676,0.01611212459497939,-0.033955303898510286,53238
0.011584750741844684,0.019307917903074477,0.0,11000
0.009853696033293181,0.015712650431467506,-0.002663161090079238,34226
0.006791060779702058,0.014514227940931847,0.0022636869265673524,58040
0.010652644360316953,0.019174759848570515,-0.004394215798630743,16051
0.014514227940931847,0.013582121559404116,-0.0009321063815277333,39415
0.010652644360316953,0.014514227940931847,0.003994741635118857,63028
0.010253170196805066,0.018775285685058627,-0.0015978966540475428,20915
0.009587379924285258,0.021172130666129944,-0.0018642127630554665,44402
0.014514227940931847,0.015046860158947694,0.0009321063815277333,2357
0.015446334322459582,0.021038972611625982,0.00346210941710301,25841
0.014647385995435809,0.0167779148674992,-0.0029294771990871615,49331
0.012117382959860534,0.015712650431467506,-0.0011984224905356572,7352
0.009454221869781294,0.017044230976507122,-0.0021305288720633903,30776
0.015313176267955617,0.015579492376963544,-0.0001331580545039619,54323
0.013315805450396189,0.019840550121090324,-0.001731054708551505,12144
0.009853696033293181,0.015313176267955617,-0.0022636869265673524,35504
0.0111852765783328,0.017177389031011087,0.001731054708551505,59126
0.0009321063815277333,0.01944107595757844,-0.004660531907638666,17135
0.008522115488253561,0.01478054404993977,0.0027963191445832,40756
0.011318434632836761,0.0167779148674992,0.0031957933080950856,64111
0.013049489341388266,0.018508969576050704,0.0018642127630554665,22002
0.00692421883420602,0.016644756812995237,-0.003062635253591124,45431
0.01478054404993977,0.01944107595757844,-0.0007989483270237714,3767
0.013182647395892227,0.013981595722916,0.0014647385995435807,26997
0.008522115488253561,0.01944107595757844,-0.0011984224905356572,50417
0.016245282649483352,0.013981595722916,-0.0005326322180158476,8367
0.005060006071150552,0.014913702104443732,0.003062635253591124,32114
0.008788431597261486,0.018642127630554665,-0.0019973708175594286,55279
0.014647385995435809,0.01597896654047543,-0.0033289513625990473,13297
0.009321063815277333,0.01478054404993977,0.004793689962142629,37045
0.012916331286884304,0.017044230976507122,-0.0010652644360316951,60337
0.008655273542757524,0.020639498448114094,-0.0009321063815277333,18224
0.012117382959860534,0.01810949541253882,-0.0014647385995435807,42031
0.011451592687340723,0.019707392066586362,0.0,65333
0.011451592687340723,0.019840550121090324,0.0009321063815277333,23092
0.016245282649483352,0.016245282649483352,0.004127899689622819,46711
0.010785802414820914,0.013715279613908078,0.0019973708175594286,4720
0.007856325215733753,0.0167779148674992,-0.0021305288720633903,28083
0.016245282649483352,0.016378440703987314,0.004394215798630743,51701
0.014114753777419962,0.01731054708551505,0.0009321063815277333,9718
0.008788431597261486,0.013715279613908078,0.0005326322180158476,32952
0.006125270507182248,0.017976337358034857,0.0,56503
0.00625842856168621,0.02077265650261806,-0.0015978966540475428,14384
0.008255799379245638,0.013182647395892227,-0.0019973708175594286,37879
0.011584750741844684,0.02077265650261806,0.0018642127630554665,61558
0.007456851052221866,0.019973708175594285,0.002663161090079238,19508
0.004660531907638666,0.011451592687340723,0.002663161090079238,42800
0.010519486305812991,0.014913702104443732,0.0019973708175594286,820
0.009454221869781294,0.020506340393610132,-0.0022636869265673524,24372
0.014114753777419962,0.022770027320177483,-0.0015978966540475428,47794
0.0049268480166465905,0.014514227940931847,0.00625842856168621,5751
0.005060006071150552,0.014913702104443732,-0.002530003035575276,29171
0.010918960469324876,0.021305288720633905,-0.001731054708551505,52791
0.014647385995435809,0.012916331286884304,0.0019973708175594286,10546
0.014247911831923924,0.01344896350490015,0.0001331580545039619,34291
0.013182647395892227,0.015046860158947694,0.0019973708175594286,57839
0.013715279613908078,0.01251685712337242,-0.004127899689622819,15792
0.01344896350490015,0.018775285685058627,-0.0011984224905356572,39219
0.013315805450396189,0.015579492376963544,0.0014647385995435807,62520
0.010519486305812991,0.01611212459497939,0.0035952674716069714,20529
0.011984224905356573,0.017044230976507122,0.0011984224905356572,43955
0.010918960469324876,0.015313176267955617,0.002530003035575276,2164
0.008921589651765448,0.014114753777419962,-0.0035952674716069714,25592
0.014247911831923924,0.0167779148674992,0.006391586616190171,49011
0.010519486305812991,0.01691107292200316,0.0023968449810713144,6968
0.008522115488253561,0.013049489341388266,-0.0035952674716069714,30456
0.0022636869265673524,0.019041601794066554,0.0001331580545039619,54004
0.009321063815277333,0.0167779148674992,0.0003994741635118857,11954
0.013315805450396189,0.017044230976507122,0.0019973708175594286,35439
0.013981595722916,0.013582121559404116,-0.0015978966540475428,58735
0.005725796343670361,0.01744370514001901,0.003728425526110933,16817
0.00905474770626941,0.02037318233910617,0.0010652644360316951,40305
0.007856325215733753,0.014647385995435809,-0.0009321063815277333,63608
0.00972053797878922,0.016511598758491276,-0.0027963191445832,21748
0.01384843766841204,0.01810949541253882,0.0003994741635118857,45299
0.008921589651765448,0.012916331286884304,0.0011984224905356572,3191
0.011851066850852611,0.017976337358034857,-0.0010652644360316951,26616
0.008921589651765448,0.01597896654047543,-0.0011984224905356572,50295
0.008122641324741676,0.015313176267955617,-0.004394215798630743,8120
0.010519486305812991,0.015579492376963544,-0.005459480234662438,31473
0.00905474770626941,0.014913702104443732,0.0003994741635118857,55031
0.009587379924285258,0.0111852765783328,0.0001331580545039619,13304
0.013582121559404116,0.017177389031011087,0.003062635253591124,36407
0.010918960469324876,0.014913702104443732,0.0015978966540475428,60021
0.008522115488253561,0.015046860158947694,-0.0006657902725198095,17845
0.00905474770626941,0.017576863194522972,-0.03222424918995878,41392
0.006391586616190171,0.011584750741844684,-0.00346210941710301,64885
0.010652644360316953,0.011584750741844684,-0.0011984224905356572,23028
0.013315805450396189,0.015712650431467506,-0.0029294771990871615,46390
0.014381069886427886,0.01478054404993977,0.0006657902725198095,4214
0.005459480234662438,0.019174759848570515,0.005858954398174323,27768
0.01251685712337242,0.017044230976507122,-0.0007989483270237714,51315
0.007190534943213943,0.021038972611625982,0.005193164125654515,9372
0.015446334322459582,0.01691107292200316,-0.0009321063815277333,32560
0.010253170196805066,0.021305288720633905,0.003062635253591124,56116
0.007856325215733753,0.015046860158947694,0.001331580545039619,14191
0.01251685712337242,0.02024002428460221,-0.0005326322180158476,37618
0.007456851052221866,0.015845808485971467,0.0001331580545039619,61167
0.006391586616190171,0.016245282649483352,-0.0035952674716069714,19190
0.008655273542757524,0.02037318233910617,0.0007989483270237714,42613
0.007723167161229791,0.01744370514001901,0.0014647385995435807,690
0.008122641324741676,0.017710021249026934,-0.002530003035575276,24304
0.014114753777419962,0.01824265346704278,0.0055926382891664,47480
0.016511598758491276,0.054062170128608526,0.0022636869265673524,5296
0.011584750741844684,0.01731054708551505,-0.0007989483270237714,29048
0.012250541014364496,0.16258598454933748,0.001731054708551505,52594
0.006791060779702058,0.02037318233910617,-0.0019973708175594286,10287
0.011318434632836761,0.01890844373956259,0.0033289513625990473,34040
0.01478054404993977,0.015712650431467506,-0.0009321063815277333,57460
0.013981595722916,0.016378440703987314,-0.0010652644360316951,15480
0.013182647395892227,0.009454221869781294,-0.0021305288720633903,38903
0.014913702104443732,0.01251685712337242,-0.0005326322180158476,62389
0.011851066850852611,0.0195742340120824,-0.004394215798630743,20343
0.013715279613908078,0.013981595722916,0.00346210941710301,43703
0.009986854087797143,0.018375811521546742,0.0014647385995435807,1653
0.0073236929977179045,0.02077265650261806,-0.001731054708551505,25202
0.003994741635118857,0.017976337358034857,0.0049268480166465905,48695
0.0066579027251980945,0.015579492376963544,-0.0003994741635118857,6582
0.011584750741844684,0.020639498448114094,0.001331580545039619,30130
0.011052118523828838,0.014114753777419962,0.0033289513625990473,53491
0.006125270507182248,0.01038632825130903,0.0005326322180158476,11446
0.005725796343670361,0.017177389031011087,-0.0010652644360316951,35250
0.008522115488253561,0.018508969576050704,0.0009321063815277333,58741
0.008522115488253561,0.01744370514001901,0.0003994741635118857,16374
0.0049268480166465905,0.01744370514001901,-0.0073236929977179045,40303
0.006524744670694133,0.0167779148674992,0.0021305288720633903,63478
0.009187905760773371,0.013315805450396189,0.0009321063815277333,21297
0.008255799379245638,0.020506340393610132,-0.0015978966540475428,44978
0.01597896654047543,0.01691107292200316,0.0001331580545039619,2800
0.010652644360316953,0.01810949541253882,-0.0007989483270237714,26292
0.013182647395892227,0.015046860158947694,0.004527373853134705,49780
0.011851066850852611,0.01944107595757844,0.0001331580545039619,7855
0.009321063815277333,0.011717908796348646,0.0021305288720633903,31286
0.018642127630554665,0.016644756812995237,0.0006657902725198095,54771
0.01251685712337242,0.017576863194522972,-0.03382214584400632,12726
0.010253170196805066,0.01691107292200316,-0.0014647385995435807,36087
0.014514227940931847,0.015180018213451656,0.005193164125654515,59695
0.011318434632836761,0.01944107595757844,0.001731054708551505,17647
0.010519486305812991,0.016378440703987314,0.0027963191445832,41008
0.009187905760773371,0.01597896654047543,0.005326322180158476,64630
0.00972053797878922,0.015712650431467506,0.001731054708551505,22648
0.005992112452678286,0.015446334322459582,-0.003062635253591124,46005
0.014647385995435809,0.015180018213451656,-0.0029294771990871615,4207
0.00692421883420602,0.01824265346704278,0.0010652644360316951,27698
0.011584750741844684,0.01478054404993977,-0.004793689962142629,51061
0.006391586616190171,0.01810949541253882,0.005459480234662438,9013
0.008255799379245638,0.014514227940931847,-0.0022636869265673524,32435
0.010253170196805066,0.015313176267955617,-0.0018642127630554665,55985
0.005858954398174323,0.01611212459497939,-0.0023968449810713144,13815
0.00625842856168621,0.016511598758491276,-0.0011984224905356572,37428
0.008921589651765448,0.01810949541253882,-0.0001331580545039619,60979
0.010918960469324876,0.014381069886427886,0.0003994741635118857,18738
0.01731054708551505,0.015579492376963544,0.0027963191445832,42103
0.013981595722916,0.019307917903074477,0.0021305288720633903,243
0.008788431597261486,0.018775285685058627,0.0021305288720633903,23735
0.009187905760773371,0.013715279613908078,0.002663161090079238,47024
0.009321063815277333,0.015446334322459582,0.0001331580545039619,5233
0.014514227940931847,0.015712650431467506,0.004527373853134705,28788
0.01384843766841204,0.01810949541253882,-0.0014647385995435807,52149
0.011984224905356573,0.019041601794066554,-0.0019973708175594286,10098
0.01251685712337242,0.0167779148674992,0.003994741635118857,33714
0.009187905760773371,0.017976337358034857,0.0019973708175594286,57202
0.018375811521546742,0.014913702104443732,-0.0015978966540475428,15023
0.00905474770626941,0.01691107292200316,-0.002530003035575276,38582
0.011584750741844684,0.019707392066586362,0.0010652644360316951,61815
0.00905474770626941,0.01744370514001901,0.0002663161090079238,19893
0.005060006071150552,0.017576863194522972,-0.0018642127630554665,43506
0.010785802414820914,0.016245282649483352,-0.0027963191445832,1204
0.008122641324741676,0.01890844373956259,-0.0029294771990871615,24819
0.008788431597261486,0.020506340393610132,-0.0023968449810713144,48439
0.007190534943213943,0.0195742340120824,-0.002530003035575276,6452
0.009454221869781294,0.01810949541253882,-0.03209109113545482,29811
0.014114753777419962,0.018775285685058627,-0.0006657902725198095,53299
0.007590009106725828,0.016511598758491276,-0.003062635253591124,11314
0.012783173232380343,0.017843179303530896,-0.0011984224905356572,34935
0.008788431597261486,0.015446334322459582,0.0022636869265673524,58424
0.008655273542757524,0.016245282649483352,0.0,16114
0.012916331286884304,0.014114753777419962,-0.0009321063815277333,39535
0.011851066850852611,0.016511598758491276,0.0002663161090079238,63152
0.0049268480166465905,0.01731054708551505,-0.0014647385995435807,21047
0.011052118523828838,0.019041601794066554,-0.006524744670694133,44658
0.010785802414820914,0.015845808485971467,0.003062635253591124,2482
0.01265001517787638,0.021305288720633905,0.0014647385995435807,26099
0.00972053797878922,0.014647385995435809,0.003062635253591124,49648
0.010519486305812991,0.01810949541253882,0.0010652644360316951,7346
0.012117382959860534,0.017710021249026934,-0.002530003035575276,30899
0.0111852765783328,0.02077265650261806,-0.004660531907638666,54583
0.013049489341388266,0.014647385995435809,-0.005725796343670361,12280
0.011451592687340723,0.01944107595757844,0.0,36017
0.01251685712337242,0.01890844373956259,0.0,59064
0.009454221869781294,0.01251685712337242,0.002530003035575276,17008
0.014647385995435809,0.018508969576050704,0.0,40824
0.00905474770626941,0.015446334322459582,-0.0005326322180158476,63985
0.013582121559404116,0.016511598758491276,-0.0015978966540475428,22256
0.005459480234662438,0.017576863194522972,-0.00625842856168621,45815
0.008255799379245638,0.015046860158947694,-0.0005326322180158476,3512
0.010253170196805066,0.01890844373956259,0.0019973708175594286,27376
0.009986854087797143,0.014381069886427886,0.0002663161090079238,50741
0.00692421883420602,0.013315805450396189,0.0023968449810713144,8693
0.007856325215733753,0.018642127630554665,0.001331580545039619,32112
0.01251685712337242,0.017576863194522972,-0.0031957933080950856,55471
0.011717908796348646,0.01691107292200316,-0.005725796343670361,13622
0.009853696033293181,0.018508969576050704,-0.0001331580545039619,37046
0.01478054404993977,0.018775285685058627,-0.0029294771990871615,60658
0.009454221869781294,0.015712650431467506,-0.0042610577441267805,18486
0.012783173232380343,0.01611212459497939,0.002663161090079238,41846
0.011052118523828838,0.016245282649483352,-0.006791060779702058,47
0.015446334322459582,0.015712650431467506,0.0011984224905356572,23350
0.012916331286884304,0.017710021249026934,-0.004527373853134705,46840
0.013981595722916,0.017843179303530896,-0.0019973708175594286,4920
0.011717908796348646,0.013315805450396189,-0.0027963191445832,28468
0.0111852765783328,0.01691107292200316,0.0042610577441267805,51761
0.01691107292200316,0.015712650431467506,0.0042610577441267805,9648
0.012916331286884304,0.01890844373956259,-0.0022636869265673524,33270
0.011052118523828838,0.019307917903074477,-0.03129214280843105,56751
0.0083889574337496,0.015712650431467506,0.0003994741635118857,14705
0.013715279613908078,0.013981595722916,0.0009321063815277333,38322
0.010120012142301104,0.019840550121090324,-0.001331580545039619,61620
0.009454221869781294,0.016644756812995237,-0.0009321063815277333,19504
0.008122641324741676,0.019307917903074477,0.0021305288720633903,43254
0.008255799379245638,0.014913702104443732,-0.0011984224905356572,1138
0.010785802414820914,0.01384843766841204,0.0010652644360316951,24433
0.0066579027251980945,0.02077265650261806,0.001731054708551505,48181
0.004394215798630743,0.017576863194522972,-0.003062635253591124,5878
0.008655273542757524,0.01744370514001901,-0.004127899689622819,29359
0.007190534943213943,0.011052118523828838,-0.001731054708551505,53043
0.01344896350490015,0.01731054708551505,-0.0033289513625990473,10931
0.011984224905356573,0.015446334322459582,-0.0066579027251980945,34485
0.010652644360316953,0.01344896350490015,0.001731054708551505,57908
0.005459480234662438,0.014913702104443732,-0.002663161090079238,15858
0.008921589651765448,0.012916331286884304,-0.008255799379245638,39218
0.008788431597261486,0.013715279613908078,0.0,62831
0.014114753777419962,0.015046860158947694,0.0007989483270237714,20657
0.01038632825130903,0.013715279613908078,0.0002663161090079238,44145
0.013049489341388266,0.016378440703987314,-0.0007989483270237714,2031
0.012916331286884304,0.010253170196805066,-0.0014647385995435807,26097
0.013182647395892227,0.011584750741844684,-0.0027963191445832,49208
0.006524744670694133,0.014381069886427886,-0.0038615835806148956,7154
0.010652644360316953,0.021837920938649752,0.0007989483270237714,30902
0.009187905760773371,0.01597896654047543,0.0,54064
0.018642127630554665,0.016644756812995237,-0.005193164125654515,11762
0.014381069886427886,0.01731054708551505,-0.0015978966540475428,35575
0.007456851052221866,0.015446334322459582,-0.0022636869265673524,59184
0.004127899689622819,0.015046860158947694,0.0005326322180158476,16944
0.0083889574337496,0.017710021249026934,0.004793689962142629,40565
0.008655273542757524,0.015180018213451656,0.0001331580545039619,64056
0.01384843766841204,0.019707392066586362,-0.0006657902725198095,21942
0.007723167161229791,0.01344896350490015,-0.003062635253591124,45366
0.0009321063815277333,0.018642127630554665,-0.0021305288720633903,3314
0.006791060779702058,0.01611212459497939,-0.0042610577441267805,26866
0.007856325215733753,0.017044230976507122,-0.001331580545039619,50417
0.014913702104443732,0.017576863194522972,-0.0027963191445832,8304
0.010652644360316953,0.015313176267955617,-0.003062635253591124,31729
0.011052118523828838,0.019041601794066554,-0.004527373853134705,55417
0.007456851052221866,0.016245282649483352,-0.002530003035575276,13234
0.011318434632836761,0.01611212459497939,0.0014647385995435807,36783
0.014514227940931847,0.017976337358034857,-0.004127899689622819,60151
0.012383699068868458,0.015446334322459582,-0.005725796343670361,18160
0.013715279613908078,0.01611212459497939,0.003994741635118857,41911
0.015845808485971467,0.010785802414820914,-0.0011984224905356572,65277
0.011584750741844684,0.016511598758491276,-0.0019973708175594286,23158
0.012250541014364496,0.013715279613908078,0.0014647385995435807,46576
0.010918960469324876,0.016511598758491276,0.0007989483270237714,4664
0.009587379924285258,0.0167779148674992,0.0019973708175594286,27823
0.006125270507182248,0.01384843766841204,0.0007989483270237714,51379
0.010652644360316953,0.014647385995435809,-0.0027963191445832,9464
0.013582121559404116,0.011984224905356573,0.001731054708551505,32881
0.00905474770626941,0.016245282649483352,0.002663161090079238,56568
0.005858954398174323,0.014647385995435809,-0.005459480234662438,14385
0.008788431597261486,0.015180018213451656,0.0001331580545039619,37879
0.011984224905356573,0.01810949541253882,-0.001331580545039619,61368
0.007989483270237714,0.0167779148674992,-0.0023968449810713144,19382
0.007989483270237714,0.015579492376963544,-0.0002663161090079238,42863
0.00972053797878922,0.019307917903074477,-0.0031957933080950856,751
0.007989483270237714,0.02090581455712202,-0.001331580545039619,24118
0.01251685712337242,0.018642127630554665,0.0011984224905356572,47798
0.011318434632836761,0.018775285685058627,-0.0011984224905356572,5551
0.009187905760773371,0.013049489341388266,-0.0010652644360316951,29104
0.007989483270237714,0.015313176267955617,0.0019973708175594286,52657
0.013315805450396189,0.016245282649483352,0.0001331580545039619,10549
0.012916331286884304,0.014647385995435809,-0.0011984224905356572,34167
0.009454221869781294,0.018508969576050704,0.0009321063815277333,57782
0.015180018213451656,0.017576863194522972,-0.0005326322180158476,15540
0.012783173232380343,0.015180018213451656,-0.0010652644360316951,38968
0.00972053797878922,0.019307917903074477,-0.005459480234662438,62450
0.013182647395892227,0.0167779148674992,-0.0014647385995435807,20342
0.011451592687340723,0.013049489341388266,0.0027963191445832,44019
0.010519486305812991,0.018375811521546742,0.0007989483270237714,1909
0.012383699068868458,0.01744370514001901,-0.0038615835806148956,25459
0.013715279613908078,0.011984224905356573,0.010519486305812991,49010
0.013715279613908078,0.017177389031011087,0.0002663161090079238,6775
0.011052118523828838,0.01944107595757844,-0.0029294771990871615,30646
0.008655273542757524,0.016245282649483352,0.004394215798630743,53749
0.006125270507182248,0.014381069886427886,-0.0038615835806148956,11828
0.00905474770626941,0.017177389031011087,0.0031957933080950856,35376
0.008255799379245638,0.017576863194522972,0.0009321063815277333,58743
0.010519486305812991,0.01744370514001901,-0.003728425526110933,16561
0.006125270507182248,0.01824265346704278,-0.0014647385995435807,40244
0.005459480234662438,0.01890844373956259,-0.0002663161090079238,63666
0.00625842856168621,0.015845808485971467,-0.001731054708551505,21552
0.016644756812995237,0.014514227940931847,-0.03222424918995878,45044
0.009587379924285258,0.015712650431467506,-0.0011984224905356572,3119
0.00972053797878922,0.017044230976507122,0.005725796343670361,26479
0.008122641324741676,0.01597896654047543,0.0033289513625990473,49974
0.016511598758491276,0.015180018213451656,0.0005326322180158476,8311
0.013315805450396189,0.014913702104443732,0.002663161090079238,31605
0.011584750741844684,0.016644756812995237,-0.03222424918995878,54767
0.009986854087797143,0.011584750741844684,-0.0019973708175594286,12789
0.012783173232380343,0.015446334322459582,0.004527373853134705,36463
0.016511598758491276,0.019174759848570515,-0.0015978966540475428,59768
0.013715279613908078,0.01478054404993977,-0.003994741635118857,17838
0.012383699068868458,0.016644756812995237,0.001731054708551505,41398
0.008522115488253561,0.017177389031011087,0.0015978966540475428,64760
0.004660531907638666,0.018375811521546742,-0.001731054708551505,22959
0.011984224905356573,0.014381069886427886,-0.0007989483270237714,46320
0.007989483270237714,0.01744370514001901,0.001331580545039619,4399
0.010519486305812991,0.015579492376963544,0.0014647385995435807,27640
0.009986854087797143,0.019174759848570515,0.0023968449810713144,51311
0.005725796343670361,0.014114753777419962,0.0009321063815277333,8949
0.007989483270237714,0.015845808485971467,0.002530003035575276,32632
0.009454221869781294,0.013049489341388266,-0.003062635253591124,56052
0.005858954398174323,0.015845808485971467,-0.0009321063815277333,14000
0.007989483270237714,0.01611212459497939,-0.0001331580545039619,37624
0.009587379924285258,0.02090581455712202,0.001331580545039619,61106
0.0033289513625990473,0.012250541014364496,-0.002663161090079238,18991
0.01344896350490015,0.01611212459497939,0.0007989483270237714,42415
0.005060006071150552,0.015712650431467506,0.00346210941710301,435
0.011451592687340723,0.014913702104443732,-0.0011984224905356572,23992
0.012783173232380343,0.016511598758491276,0.003062635253591124,47344
0.012783173232380343,0.022770027320177483,-0.0002663161090079238,5426
0.009454221869781294,0.01344896350490015,0.007590009106725828,28982
0.01265001517787638,0.015845808485971467,-0.0010652644360316951,52472
0.012383699068868458,0.017177389031011087,0.003062635253591124,10293
0.011451592687340723,0.011451592687340723,0.004793689962142629,33968
0.009986854087797143,0.018775285685058627,0.0,57457
0.015180018213451656,0.014247911831923924,-0.0003994741635118857,15025
0.008788431597261486,0.015845808485971467,0.0006657902725198095,39028
0.01384843766841204,0.017976337358034857,0.0010652644360316951,62261
0.005193164125654515,0.016511598758491276,-0.0015978966540475428,20086
0.005992112452678286,0.015180018213451656,0.003994741635118857,43511
0.012383699068868458,0.013049489341388266,-0.004660531907638666,1647
0.007590009106725828,0.01824265346704278,0.0018642127630554665,25078
0.005193164125654515,0.015313176267955617,-0.0010652644360316951,48564
0.010120012142301104,0.014514227940931847,-0.0033289513625990473,6453
0.007190534943213943,0.015579492376963544,-0.0010652644360316951,29872
0.00905474770626941,0.01691107292200316,0.003994741635118857,53487
0.008788431597261486,0.018642127630554665,-0.0014647385995435807,11318
0.009321063815277333,0.018642127630554665,-0.003994741635118857,34991
0.004527373853134705,0.019840550121090324,0.0042610577441267805,58287
0.013315805450396189,0.015313176267955617,-0.033289513625990474,16111
0.013049489341388266,0.016511598758491276,-0.001731054708551505,39796
0.008522115488253561,0.015046860158947694,-0.0021305288720633903,63352
0.005992112452678286,0.016644756812995237,0.0018642127630554665,21360
0.00905474770626941,0.01744370514001901,-0.0011984224905356572,44784
0.009587379924285258,0.020639498448114094,0.002530003035575276,2680
0.011851066850852611,0.016511598758491276,0.001331580545039619,26356
0.011318434632836761,0.01611212459497939,0.0009321063815277333,49784
0.01251685712337242,0.017710021249026934,-0.0011984224905356572,7727
0.008921589651765448,0.012783173232380343,-0.005459480234662438,31088
0.011052118523828838,0.016511598758491276,-0.0014647385995435807,54577
0.011984224905356573,0.016511598758491276,0.0009321063815277333,12719
0.013315805450396189,0.019840550121090324,-0.0031957933080950856,36084
0.008921589651765448,0.021038972611625982,-0.0019973708175594286,59575
0.016511598758491276,0.017576863194522972,0.0005326322180158476,17455
0.01597896654047543,0.015446334322459582,-0.0021305288720633903,41077
0.008655273542757524,0.015579492376963544,0.0006657902725198095,64369
0.006125270507182248,0.0195742340120824,0.001731054708551505,22511
0.00692421883420602,0.01611212459497939,0.0002663161090079238,45815
0.007590009106725828,0.017710021249026934,-0.0038615835806148956,3953
0.014114753777419962,0.018642127630554665,0.002530003035575276,27312
0.008921589651765448,0.014913702104443732,0.0,50870
0.008522115488253561,0.020106866230098247,-0.0042610577441267805,8689
0.00905474770626941,0.01611212459497939,0.0023968449810713144,32248
0.014913702104443732,0.016644756812995237,-0.0003994741635118857,55862
0.015845808485971467,0.016644756812995237,0.0,13750
0.012383699068868458,0.015712650431467506,0.0003994741635118857,36982
0.0073236929977179045,0.015046860158947694,-0.0033289513625990473,60848
0.007190534943213943,0.016245282649483352,-0.0007989483270237714,18804
0.012250541014364496,0.0195742340120824,-0.001331580545039619,42159
0.01265001517787638,0.01890844373956259,0.0006657902725198095,240
0.013315805450396189,0.014647385995435809,0.0018642127630554665,23800
0.009187905760773371,0.018642127630554665,-0.0038615835806148956,47030
0.006524744670694133,0.018508969576050704,0.0005326322180158476,4978
0.015845808485971467,0.014514227940931847,-0.0010652644360316951,28853
0.011984224905356573,0.02024002428460221,0.0073236929977179045,52082
0.009587379924285258,0.018508969576050704,0.007723167161229791,9905
0.007723167161229791,0.01744370514001901,-0.0007989483270237714,33584
0.012916331286884304,0.019041601794066554,0.0007989483270237714,57007
0.010253170196805066,0.015446334322459582,-0.004394215798630743,14831
0.014247911831923924,0.018775285685058627,-0.001331580545039619,38520
0.011052118523828838,0.014647385995435809,0.0010652644360316951,61872
0.009986854087797143,0.01265001517787638,-0.002663161090079238,19761
0.007456851052221866,0.017177389031011087,-0.033156355571486516,43191
0.009321063815277333,0.015579492376963544,-0.0003994741635118857,1655
0.01344896350490015,0.01597896654047543,0.0002663161090079238,24881
0.007989483270237714,0.020639498448114094,-0.004660531907638666,48183
0.008522115488253561,0.019174759848570515,0.0006657902725198095,6257
0.01038632825130903,0.014647385995435809,-0.0007989483270237714,29688
0.01038632825130903,0.018642127630554665,0.0006657902725198095,53176
0.013582121559404116,0.017976337358034857,0.0019973708175594286,11186
0.0083889574337496,0.01611212459497939,-0.0010652644360316951,34680
0.00625842856168621,0.01478054404993977,0.001731054708551505,58033
0.012783173232380343,0.017044230976507122,-0.0011984224905356572,15991
0.008921589651765448,0.019707392066586362,0.0009321063815277333,39669
0.014647385995435809,0.014381069886427886,0.0009321063815277333,62831
0.011584750741844684,0.0195742340120824,0.001331580545039619,21039
0.010918960469324876,0.015712650431467506,-0.0011984224905356572,44531
0.010519486305812991,0.015579492376963544,0.0006657902725198095,2290
0.01691107292200316,0.018642127630554665,0.004793689962142629,25718
0.01597896654047543,0.01611212459497939,-0.00346210941710301,49395
0.00905474770626941,0.015313176267955617,0.0015978966540475428,7154
0.007723167161229791,0.015579492376963544,0.0021305288720633903,30896
0.011717908796348646,0.015446334322459582,0.0011984224905356572,54200
0.01691107292200316,0.015845808485971467,-0.0011984224905356572,12274
0.011451592687340723,0.017576863194522972,-0.0003994741635118857,35640
0.0066579027251980945,0.018375811521546742,0.0010652644360316951,59256
0.005193164125654515,0.014381069886427886,0.0015978966540475428,17264
0.007190534943213943,0.02077265650261806,-0.0001331580545039619,40567
0.0111852765783328,0.0167779148674992,0.0005326322180158476,64245
0.011451592687340723,0.01824265346704278,0.0027963191445832,22066
0.011584750741844684,0.01744370514001901,0.0035952674716069714,45431
0.0083889574337496,0.0195742340120824,0.0038615835806148956,3636
0.009454221869781294,0.01691107292200316,-0.0007989483270237714,27315
0.005725796343670361,0.015180018213451656,-0.0003994741635118857,50543
0.01251685712337242,0.018642127630554665,-0.001331580545039619,8626
0.0066579027251980945,0.016644756812995237,-0.004394215798630743,31925
0.008921589651765448,0.018508969576050704,0.0033289513625990473,55409
0.012916331286884304,0.019041601794066554,-0.0010652644360316951,13430
0.008655273542757524,0.017177389031011087,-0.005858954398174323,37046
0.014381069886427886,0.017576863194522972,-0.0023968449810713144,60721
0.011052118523828838,0.017044230976507122,0.0010652644360316951,18294
0.013582121559404116,0.014647385995435809,-0.0018642127630554665,41779
0.007590009106725828,0.015046860158947694,-0.001331580545039619,65398
0.013582121559404116,0.01384843766841204,0.002663161090079238,23222
0.016378440703987314,0.019707392066586362,0.0001331580545039619,46772
0.012250541014364496,0.012383699068868458,0.003994741635118857,4918
0.007456851052221866,0.019973708175594285,-0.0010652644360316951,28088
0.008921589651765448,0.011451592687340723,0.0042610577441267805,51638
0.009587379924285258,0.012916331286884304,0.0002663161090079238,9527
0.012250541014364496,0.018508969576050704,-0.0018642127630554665,33080
0.010785802414820914,0.012916331286884304,0.0009321063815277333,56625
0.007190534943213943,0.019973708175594285,-0.0022636869265673524,14584
0.0042610577441267805,0.01611212459497939,-0.002663161090079238,38135
0.011318434632836761,0.017710021249026934,0.005060006071150552,61551
0.010519486305812991,0.01731054708551505,-0.0009321063815277333,19192
0.013182647395892227,0.01824265346704278,0.003994741635118857,43256
0.006125270507182248,0.012383699068868458,0.001731054708551505,753
0.014247911831923924,0.01597896654047543,-0.0003994741635118857,24392
0.009587379924285258,0.01744370514001901,-0.0014647385995435807,48180
0.0073236929977179045,0.016511598758491276,0.0027963191445832,5937
0.013049489341388266,0.020106866230098247,0.003994741635118857,29363
0.01265001517787638,0.02037318233910617,-0.0023968449810713144,52911
0.009454221869781294,0.017976337358034857,-0.003994741635118857,10931
0.014647385995435809,0.01597896654047543,0.003994741635118857,34289
0.011851066850852611,0.01810949541253882,0.0031957933080950856,57647
0.010120012142301104,0.009986854087797143,-0.0001331580545039619,15727
0.008122641324741676,0.012783173232380343,0.0018642127630554665,39159
0.01478054404993977,0.015712650431467506,0.0027963191445832,62641
0.011451592687340723,0.014381069886427886,-0.0027963191445832,20783
0.008522115488253561,0.01611212459497939,0.0001331580545039619,44085
0.009853696033293181,0.017576863194522972,0.0027963191445832,2159
0.012916331286884304,0.014913702104443732,-0.0002663161090079238,25394
0.01611212459497939,0.017177389031011087,-0.0009321063815277333,49079
0.010519486305812991,0.015845808485971467,-0.0003994741635118857,7152
0.008921589651765448,0.016245282649483352,0.0022636869265673524,30456
0.009986854087797143,0.019707392066586362,-0.0014647385995435807,54064
0.00625842856168621,0.02024002428460221,-0.0003994741635118857,11953
0.013049489341388266,0.017576863194522972,-0.003728425526110933,35439
0.008255799379245638,0.013182647395892227,-0.0029294771990871615,59063
0.010519486305812991,0.01344896350490015,-0.003062635253591124,16752
0.0055926382891664,0.017576863194522972,0.0033289513625990473,40245
0.009321063815277333,0.018508969576050704,-0.0019973708175594286,63864
0.01038632825130903,0.011717908796348646,-0.0019973708175594286,21747
0.012783173232380343,0.02090581455712202,0.0014647385995435807,45236
0.01344896350490015,0.017576863194522972,-0.003062635253591124,3122
0.0055926382891664,0.0167779148674992,-0.002663161090079238,26676
0.0111852765783328,0.019174759848570515,-0.0011984224905356572,50160
0.008921589651765448,0.016511598758491276,-0.005326322180158476,7990
0.014114753777419962,0.011451592687340723,0.0005326322180158476,31734
0.01744370514001901,0.01384843766841204,-0.0021305288720633903,55091
0.0083889574337496,0.01597896654047543,-0.0021305288720633903,13042
0.01251685712337242,0.019041601794066554,-0.004394215798630743,36854
0.011584750741844684,0.015845808485971467,0.0023968449810713144,60023
0.017177389031011087,0.018508969576050704,-0.004793689962142629,17911
0.007989483270237714,0.01824265346704278,0.005858954398174323,41909
0.011717908796348646,0.017710021249026934,-0.0001331580545039619,64949
0.015579492376963544,0.016378440703987314,0.0035952674716069714,22965
0.013315805450396189,0.013315805450396189,-0.0009321063815277333,46456
0.014913702104443732,0.017576863194522972,-0.004394215798630743,4402
0.009321063815277333,0.015313176267955617,-0.0001331580545039619,27825
0.005858954398174323,0.014114753777419962,0.03342267168049444,51384
0.00905474770626941,0.01478054404993977,-0.0014647385995435807,9462
0.011984224905356573,0.01611212459497939,0.003062635253591124,32760
0.007190534943213943,0.019041601794066554,-0.0022636869265673524,56305
0.009587379924285258,0.01731054708551505,-0.003994741635118857,14319
0.009187905760773371,0.017044230976507122,0.005326322180158476,37879
0.006125270507182248,0.01478054404993977,0.0022636869265673524,61107
0.01265001517787638,0.01810949541253882,-0.0035952674716069714,19122
0.008522115488253561,0.020106866230098247,0.0001331580545039619,42546
0.005459480234662438,0.014114753777419962,0.0,503
0.011052118523828838,0.016245282649483352,-0.0038615835806148956,23794
0.011451592687340723,0.016245282649483352,-0.002530003035575276,47604
0.014381069886427886,0.015180018213451656,0.004127899689622819,5618
0.014913702104443732,0.014913702104443732,0.0001331580545039619,29043
0.0055926382891664,0.01810949541253882,0.0023968449810713144,52593
0.009187905760773371,0.015446334322459582,0.004793689962142629,10358
0.01265001517787638,0.015313176267955617,-0.001731054708551505,33969
0.016644756812995237,0.016378440703987314,0.0018642127630554665,57653
0.011851066850852611,0.01478054404993977,0.0031957933080950856,15427
0.016378440703987314,0.019041601794066554,-0.006125270507182248,38901
0.01265001517787638,0.01251685712337242,-0.0018642127630554665,62452
0.0111852765783328,0.021038972611625982,-0.0010652644360316951,20403
0.011318434632836761,0.019041601794066554,-0.0023968449810713144,43697
0.011318434632836761,0.01731054708551505,0.001331580545039619,1778
0.009986854087797143,0.017177389031011087,0.0038615835806148956,25263
0.0073236929977179045,0.019174759848570515,0.0014647385995435807,48883
0.011584750741844684,0.016644756812995237,-0.002663161090079238,6769
0.010519486305812991,0.012250541014364496,0.0005326322180158476,30319
0.008122641324741676,0.017044230976507122,-0.0001331580545039619,53681
0.006524744670694133,0.01731054708551505,-0.0021305288720633903,11763
0.008122641324741676,0.014247911831923924,0.0011984224905356572,35251
0.006391586616190171,0.01611212459497939,0.0018642127630554665,58610
0.007456851052221866,0.014647385995435809,-0.0010652644360316951,16495
0.00692421883420602,0.019840550121090324,-0.0010652644360316951,40114
0.00625842856168621,0.019174759848570515,-0.0035952674716069714,63602
0.007723167161229791,0.015180018213451656,0.0,21428
0.011851066850852611,0.019840550121090324,-0.002663161090079238,44791
0.012117382959860534,0.014114753777419962,0.03382214584400632,2935
0.008122641324741676,0.01478054404993977,0.0009321063815277333,26359
0.011052118523828838,0.011851066850852611,-0.005060006071150552,49970
0.009853696033293181,0.01611212459497939,0.0014647385995435807,7857
0.010253170196805066,0.02090581455712202,0.002530003035575276,31218
0.011851066850852611,0.014913702104443732,0.0002663161090079238,54707
0.010785802414820914,0.013315805450396189,0.003994741635118857,12792
0.008788431597261486,0.016245282649483352,0.0035952674716069714,36271
0.012783173232380343,0.01597896654047543,-0.004127899689622819,59829
0.013582121559404116,0.01824265346704278,0.0073236929977179045,17585
0.012117382959860534,0.017843179303530896,-0.0049268480166465905,41455
0.008788431597261486,0.019041601794066554,0.0019973708175594286,64564
0.012117382959860534,0.012250541014364496,0.0,22576
0.005193164125654515,0.013715279613908078,0.003994741635118857,46065
0.010652644360316953,0.01810949541253882,-0.0033289513625990473,3960
0.009321063815277333,0.0195742340120824,-0.0049268480166465905,27446
0.005326322180158476,0.019307917903074477,-0.005858954398174323,50996
0.00692421883420602,0.019707392066586362,0.0001331580545039619,8943
0.009187905760773371,0.018375811521546742,-0.0019973708175594286,32695
0.007856325215733753,0.01691107292200316,-0.0055926382891664,55920
0.007456851052221866,0.014647385995435809,0.005193164125654515,14005
0.007057376888709981,0.015446334322459582,0.0019973708175594286,37359
0.010785802414820914,0.017710021249026934,-0.0038615835806148956,61042
0.008921589651765448,0.0195742340120824,0.0021305288720633903,19061
0.01265001517787638,0.01744370514001901,-0.005992112452678286,42232
0.0111852765783328,0.016644756812995237,0.0018642127630554665,373
0.0073236929977179045,0.016245282649483352,-0.0003994741635118857,23928
0.01038632825130903,0.03781688747912518,0.001331580545039619,47407
0.008655273542757524,0.01824265346704278,-0.0027963191445832,5105
0.010785802414820914,0.01265001517787638,0.0015978966540475428,28847
0.014514227940931847,0.015712650431467506,0.0005326322180158476,52216
0.011584750741844684,0.019707392066586362,0.003062635253591124,10230
0.013981595722916,0.01597896654047543,0.0002663161090079238,33397
0.015313176267955617,0.02037318233910617,-0.0007989483270237714,57332
0.015712650431467506,0.01824265346704278,-0.001731054708551505,15215
0.014114753777419962,0.01691107292200316,0.0021305288720633903,38456
0.008122641324741676,0.012783173232380343,0.004394215798630743,62193
0.007456851052221866,0.013182647395892227,0.007856325215733753,19824
0.011984224905356573,0.018508969576050704,0.0002663161090079238,43504
0.01251685712337242,-0.041944787168748006,0.0009321063815277333,1527
0.011851066850852611,0.01478054404993977,0.0007989483270237714,24945
0.009321063815277333,0.017177389031011087,0.004660531907638666,48371
0.009187905760773371,0.018642127630554665,0.002530003035575276,6261
0.010785802414820914,0.017177389031011087,0.0023968449810713144,29743
0.007590009106725828,0.021837920938649752,-0.006125270507182248,53361
0.010120012142301104,0.014381069886427886,0.004127899689622819,11313
0.006791060779702058,0.011851066850852611,0.004127899689622819,34930
0.00625842856168621,0.015579492376963544,-0.002663161090079238,58230
0.010120012142301104,0.015180018213451656,0.002663161090079238,16177
0.011584750741844684,0.012916331286884304,-0.0033289513625990473,39928
0.01890844373956259,0.01384843766841204,-0.0023968449810713144,63351
0.005459480234662438,0.01824265346704278,0.004527373853134705,21167
0.010652644360316953,0.019307917903074477,-0.0007989483270237714,44469
0.013715279613908078,0.01597896654047543,0.0006657902725198095,2607
0.01251685712337242,0.014913702104443732,0.006524744670694133,25968
0.009321063815277333,0.01890844373956259,-0.004394215798630743,49654
0.007456851052221866,0.019840550121090324,0.0015978966540475428,7608
0.013715279613908078,0.0167779148674992,0.0007989483270237714,30839
0.0111852765783328,0.017976337358034857,-0.0029294771990871615,54448
0.008255799379245638,0.010120012142301104,0.0021305288720633903,12532
0.016644756812995237,0.01810949541253882,-0.0038615835806148956,35960
0.008788431597261486,0.019041601794066554,-0.003728425526110933,59378
0.008122641324741676,0.017576863194522972,0.0009321063815277333,17526
0.014514227940931847,0.01384843766841204,-0.0006657902725198095,40816
0.014114753777419962,0.019840550121090324,0.0021305288720633903,64305
0.008522115488253561,0.013715279613908078,0.003062635253591124,22324
0.008122641324741676,0.021438446775137867,-0.005326322180158476,45748
0.010918960469324876,0.017177389031011087,-0.0021305288720633903,3825
0.009454221869781294,0.017710021249026934,0.001731054708551505,27446
0.010120012142301104,0.01944107595757844,-0.005193164125654515,50608
0.008122641324741676,0.01691107292200316,-0.0001331580545039619,8631
0.00692421883420602,0.018508969576050704,0.0042610577441267805,32248
0.008921589651765448,0.017976337358034857,-0.0005326322180158476,55606
0.015180018213451656,0.01691107292200316,-0.0005326322180158476,13615
0.013582121559404116,0.017843179303530896,0.0022636869265673524,37234
0.01265001517787638,0.016245282649483352,0.0001331580545039619,60656
0.00346210941710301,0.020106866230098247,-0.0027963191445832,18608
0.0038615835806148956,0.014913702104443732,0.0023968449810713144,41841
0.015180018213451656,0.019174759848570515,0.0002663161090079238,65463
0.010785802414820914,0.017843179303530896,-0.005725796343670361,23352
0.011717908796348646,0.019307917903074477,-0.0011984224905356572,46959
0.013049489341388266,0.01691107292200316,-0.0018642127630554665,4849
0.015046860158947694,0.015712650431467506,0.0011984224905356572,28596
0.01344896350490015,0.018642127630554665,0.0011984224905356572,51761
0.012117382959860534,0.014514227940931847,-0.0014647385995435807,9650
0.014381069886427886,0.0167779148674992,0.004127899689622819,33525
0.011318434632836761,0.0195742340120824,-0.003994741635118857,56687
0.005459480234662438,0.015046860158947694,0.0023968449810713144,14647
0.008788431597261486,0.015180018213451656,0.007590009106725828,38132
0.011584750741844684,0.018642127630554665,-0.0007989483270237714,61750
0.007989483270237714,0.013582121559404116,0.00346210941710301,19633
0.008255799379245638,0.012117382959860534,0.008655273542757524,43255
0.0055926382891664,0.01038632825130903,-0.03209109113545482,1459
0.008122641324741676,0.01611212459497939,-0.001731054708551505,24370
0.007856325215733753,0.017976337358034857,0.0031957933080950856,48176
0.005060006071150552,0.009587379924285258,0.007190534943213943,6259
0.0031957933080950856,0.013981595722916,0.002530003035575276,29487
0.00692421883420602,0.017576863194522972,-0.0003994741635118857,52984
0.01344896350490015,0.012916331286884304,0.00625842856168621,11123
0.011052118523828838,0.01384843766841204,0.001731054708551505,34672
0.005858954398174323,0.01597896654047543,0.0009321063815277333,57846
0.007723167161229791,0.013715279613908078,0.0022636869265673524,16111
0.00905474770626941,0.015446334322459582,0.0007989483270237714,39352
0.011451592687340723,0.01611212459497939,-0.0027963191445832,62708
0.014381069886427886,0.01944107595757844,-0.0022636869265673524,20851
0.0111852765783328,0.01744370514001901,-0.006791060779702058,44336
0.009187905760773371,0.016245282649483352,-0.0022636869265673524,2357
0.013049489341388266,0.015313176267955617,-0.0006657902725198095,25711
0.014247911831923924,0.019041601794066554,0.002530003035575276,49333
0.010519486305812991,0.01731054708551505,0.0,7158
0.006391586616190171,0.01611212459497939,0.0029294771990871615,30642
0.008522115488253561,0.014913702104443732,0.0018642127630554665,54327
0.016644756812995237,0.01824265346704278,0.003062635253591124,12144
0.010918960469324876,0.016644756812995237,0.0001331580545039619,35507
0.01251685712337242,0.017177389031011087,-0.0031957933080950856,59057
0.013182647395892227,0.01251685712337242,0.0019973708175594286,17139
0.008522115488253561,0.012916331286884304,-0.0022636869265673524,40689
0.004394215798630743,0.019840550121090324,0.002530003035575276,63984
0.007856325215733753,0.02024002428460221,-0.0005326322180158476,21937
0.006791060779702058,0.01890844373956259,0.005725796343670361,45432
0.009187905760773371,0.015046860158947694,-0.0007989483270237714,3315
0.005193164125654515,0.01691107292200316,0.0003994741635118857,27122
0.012783173232380343,0.016644756812995237,0.0,50289
0.007190534943213943,0.017576863194522972,-0.0038615835806148956,8116
0.011717908796348646,0.0167779148674992,0.001731054708551505,31987
0.007456851052221866,0.014114753777419962,-0.0021305288720633903,55283
0.011451592687340723,0.014247911831923924,-0.0014647385995435807,13239
0.012916331286884304,0.015446334322459582,0.0019973708175594286,36849
0.013049489341388266,0.015579492376963544,-0.001331580545039619,60280
0.012916331286884304,0.017710021249026934,0.00905474770626941,18164
0.010519486305812991,0.014514227940931847,-0.0009321063815277333,41527
0.014247911831923924,0.017177389031011087,0.0011984224905356572,65526
0.009853696033293181,0.012783173232380343,-0.0019973708175594286,23221
0.015046860158947694,0.01344896350490015,-0.0038615835806148956,46644
0.013049489341388266,0.01691107292200316,0.0019973708175594286,4982
0.007456851052221866,0.014913702104443732,-0.03262372335347067,28143
0.007590009106725828,0.017843179303530896,-0.001731054708551505,51574
0.011851066850852611,0.01810949541253882,0.0001331580545039619,9458
0.012117382959860534,0.014514227940931847,0.00692421883420602,32951
0.01038632825130903,0.012250541014364496,-0.0010652644360316951,56496
0.006524744670694133,0.017710021249026934,-0.0005326322180158476,14583
0.008522115488253561,0.02170476288414579,-0.03368898778950236,38193
0.005992112452678286,0.017710021249026934,-0.0003994741635118857,61552
0.005725796343670361,0.01265001517787638,-0.0003994741635118857,19576
0.0073236929977179045,0.0167779148674992,-0.0019973708175594286,43189
0.00625842856168621,0.016511598758491276,-0.0010652644360316951,816
0.0066579027251980945,0.012783173232380343,0.0010652644360316951,24371
0.014647385995435809,0.017044230976507122,0.0022636869265673524,48116
0.013182647395892227,0.019041601794066554,0.0002663161090079238,5554
0.008522115488253561,0.019307917903074477,-0.0038615835806148956,29175
0.007989483270237714,0.012383699068868458,-0.004793689962142629,52727
0.007856325215733753,0.016511598758491276,-0.0002663161090079238,10615
0.011318434632836761,0.015712650431467506,-0.005060006071150552,34167
0.014514227940931847,0.011451592687340723,-0.0021305288720633903,57653
0.009587379924285258,0.01944107595757844,0.001731054708551505,15608
0.013981595722916,0.015712650431467506,-0.0049268480166465905,38959
0.015046860158947694,0.016245282649483352,0.0003994741635118857,62383
0.004527373853134705,0.019041601794066554,-0.0005326322180158476,20598
0.011984224905356573,0.015046860158947694,-0.001331580545039619,43893
0.012383699068868458,0.019041601794066554,-0.0011984224905356572,1969
0.009853696033293181,0.01810949541253882,0.0022636869265673524,25513
0.012916331286884304,0.014913702104443732,0.0022636869265673524,48817
0.013315805450396189,0.01611212459497939,0.0021305288720633903,6835
0.011851066850852611,0.017843179303530896,0.0002663161090079238,30264
0.011451592687340723,0.012250541014364496,-0.007456851052221866,54064
0.011318434632836761,0.015712650431467506,0.005459480234662438,11896
0.0083889574337496,0.013715279613908078,-0.0014647385995435807,35188
0.012383699068868458,0.01691107292200316,0.0007989483270237714,58999
0.010785802414820914,0.017576863194522972,-0.0006657902725198095,16689
0.012250541014364496,0.01691107292200316,-0.005193164125654515,40240
0.0073236929977179045,0.018375811521546742,0.0005326322180158476,63735
0.007057376888709981,0.015579492376963544,-0.0029294771990871615,21616
0.011451592687340723,0.013582121559404116,-0.03382214584400632,45109
0.010652644360316953,0.02330265953819333,-0.0010652644360316951,3313
0.005725796343670361,0.017177389031011087,-0.0021305288720633903,26545
0.008655273542757524,0.022104237047657675,-0.004660531907638666,50231
0.007590009106725828,0.017843179303530896,0.001331580545039619,7991
0.011318434632836761,0.016511598758491276,0.0010652644360316951,31671
0.010519486305812991,0.016644756812995237,0.0021305288720633903,54895
0.014247911831923924,0.014514227940931847,-0.0022636869265673524,12853
0.01265001517787638,0.019041601794066554,0.0018642127630554665,36408
0.013582121559404116,0.015845808485971467,-0.0010652644360316951,59888
0.014913702104443732,0.013582121559404116,-0.0011984224905356572,17969
0.017177389031011087,0.015579492376963544,-0.0015978966540475428,41586
0.007057376888709981,-0.033156355571486516,0.001331580545039619,65009
0.013049489341388266,0.016245282649483352,0.0005326322180158476,22836
0.01691107292200316,0.01744370514001901,-0.0042610577441267805,46319
0.012117382959860534,0.017177389031011087,0.0001331580545039619,4463
0.014913702104443732,0.015446334322459582,-0.0029294771990871615,27893
0.007190534943213943,0.018775285685058627,-0.0010652644360316951,51127
0.004793689962142629,0.0167779148674992,-0.0010652644360316951,9263
0.008522115488253561,0.012117382959860534,0.004660531907638666,32624
0.012117382959860534,0.015712650431467506,-0.0019973708175594286,56119
0.011052118523828838,0.01731054708551505,0.0021305288720633903,14392
0.009321063815277333,0.013715279613908078,-0.0003994741635118857,37624
0.007190534943213943,0.01611212459497939,0.0014647385995435807,61171
0.007989483270237714,0.017710021249026934,0.0006657902725198095,19312
0.013315805450396189,0.021438446775137867,0.0029294771990871615,42424
0.00905474770626941,0.01810949541253882,-0.001731054708551505,503
0.007590009106725828,0.01611212459497939,-0.004527373853134705,23989
0.010253170196805066,0.017710021249026934,0.0005326322180158476,47411
0.010652644360316953,0.019707392066586362,0.0,5364
0.01265001517787638,0.017710021249026934,0.0035952674716069714,28536
0.011318434632836761,0.01611212459497939,0.0010652644360316951,52469
0.011318434632836761,0.0195742340120824,-0.0022636869265673524,10228
0.01265001517787638,0.01691107292200316,0.0031957933080950856,33781
0.012383699068868458,0.014381069886427886,-0.003994741635118857,57330
0.013182647395892227,0.014381069886427886,0.0031957933080950856,15410
0.011451592687340723,0.01810949541253882,0.0073236929977179045,38769
0.010652644360316953,0.015446334322459582,-0.0021305288720633903,62196
0.007989483270237714,0.019707392066586362,0.0,20215
0.015180018213451656,0.01691107292200316,0.0027963191445832,43256
0.008921589651765448,0.01944107595757844,-0.0027963191445832,1522
0.0083889574337496,0.016378440703987314,-0.0019973708175594286,25204
0.006391586616190171,0.01611212459497939,-0.0006657902725198095,48560
0.0055926382891664,0.018775285685058627,0.0005326322180158476,6645
0.008122641324741676,0.013315805450396189,0.0009321063815277333,30198
0.01251685712337242,0.018375811521546742,-0.005326322180158476,53488
0.005326322180158476,0.01478054404993977,-0.0003994741635118857,11503
0.009587379924285258,0.01824265346704278,-0.002530003035575276,35119
0.008122641324741676,0.017177389031011087,-0.0014647385995435807,58479
0.007190534943213943,0.017976337358034857,-0.030759510590415203,16695
0.010918960469324876,0.01744370514001901,0.0021305288720633903,40054
0.010519486305812991,0.016644756812995237,-0.0009321063815277333,63345
0.005060006071150552,0.015712650431467506,-0.0029294771990871615,21238
0.008655273542757524,0.016378440703987314,0.0011984224905356572,44792
0.015046860158947694,0.016378440703987314,-0.003728425526110933,2929
0.009853696033293181,0.01597896654047543,0.005060006071150552,26295
0.010652644360316953,0.01810949541253882,-0.0001331580545039619,49716
0.0049268480166465905,0.01611212459497939,-0.0031957933080950856,7797
0.007590009106725828,0.017177389031011087,-0.0001331580545039619,31223
0.011851066850852611,0.017843179303530896,0.0009321063815277333,54835
0.010519486305812991,0.011052118523828838,0.0009321063815277333,12594
0.009321063815277333,0.015845808485971467,-0.0015978966540475428,36149
0.009321063815277333,0.017177389031011087,0.0022636869265673524,59829
0.010253170196805066,0.015180018213451656,0.00346210941710301,17591
0.009986854087797143,0.01478054404993977,0.0011984224905356572,41136
0.011052118523828838,0.01890844373956259,-0.0022636869265673524,64560
0.009853696033293181,0.012250541014364496,0.0006657902725198095,22388
0.006125270507182248,0.019840550121090324,0.0035952674716069714,46001
0.008655273542757524,0.014381069886427886,-0.0014647385995435807,3887
0.013049489341388266,0.015180018213451656,-0.0014647385995435807,27509
0.00905474770626941,0.014647385995435809,-0.0021305288720633903,51119
0.006391586616190171,0.017576863194522972,-0.0014647385995435807,8752
0.010253170196805066,0.020639498448114094,0.0009321063815277333,32309
0.0073236929977179045,0.015046860158947694,-0.0022636869265673524,55730
0.01038632825130903,0.0167779148674992,0.0002663161090079238,13867
0.007989483270237714,0.01824265346704278,-0.00625842856168621,37432
0.0055926382891664,0.015845808485971467,0.0,60911
0.014114753777419962,0.01824265346704278,-0.0031957933080950856,18611
0.01038632825130903,0.015712650431467506,0.0015978966540475428,42162
0.015180018213451656,0.01691107292200316,0.003062635253591124,303
0.014647385995435809,0.015046860158947694,-0.0038615835806148956,23736
0.013182647395892227,0.013981595722916,-0.0029294771990871615,47158
0.008655273542757524,0.014514227940931847,0.0002663161090079238,5039
0.010519486305812991,0.01890844373956259,-0.0005326322180158476,28723
0.01691107292200316,0.014381069886427886,0.003728425526110933,52083
0.011984224905356573,0.01810949541253882,-0.0042610577441267805,10033
0.012383699068868458,0.016245282649483352,-0.0014647385995435807,33584
0.010519486305812991,0.01597896654047543,-0.0003994741635118857,57013
0.012117382959860534,0.014913702104443732,-0.0022636869265673524,14961
0.013582121559404116,0.017710021249026934,0.0007989483270237714,38449
0.012117382959860534,0.01691107292200316,-0.001331580545039619,61877
0.015180018213451656,0.019307917903074477,0.0005326322180158476,19824
0.008255799379245638,0.015845808485971467,-0.0019973708175594286,43319
0.010918960469324876,0.01691107292200316,0.0001331580545039619,1391
0.009587379924285258,0.014114753777419962,0.005858954398174323,24760
0.011984224905356573,0.020506340393610132,-0.00346210941710301,48246
0.006391586616190171,0.01611212459497939,-0.0023968449810713144,6262
0.0066579027251980945,0.015579492376963544,-0.003062635253591124,29679
0.009853696033293181,0.01265001517787638,-0.0001331580545039619,53238
0.015845808485971467,0.020106866230098247,-0.00905474770626941,11314
0.00346210941710301,0.016511598758491276,-0.002530003035575276,34803
0.004394215798630743,0.017576863194522972,-0.0014647385995435807,58166
0.007456851052221866,0.011984224905356573,0.00692421883420602,16175
0.015046860158947694,0.014913702104443732,-0.0022636869265673524,39535
0.012117382959860534,0.01731054708551505,-0.0018642127630554665,63094
0.012117382959860534,0.014647385995435809,-0.001331580545039619,21171
0.011717908796348646,0.016511598758491276,0.002530003035575276,44723
0.008655273542757524,0.013582121559404116,-0.0005326322180158476,2417
0.006391586616190171,0.019174759848570515,0.0006657902725198095,26295
0.010120012142301104,0.0167779148674992,0.0019973708175594286,49331
0.0111852765783328,0.015313176267955617,-0.0007989483270237714,7409
0.010652644360316953,0.01744370514001901,-0.0015978966540475428,30903
0.013715279613908078,0.012916331286884304,-0.0023968449810713144,54322
0.014381069886427886,0.019307917903074477,-0.004127899689622819,12404
0.014913702104443732,0.013182647395892227,-0.003062635253591124,35955
0.009986854087797143,0.010652644360316953,-0.0003994741635118857,59315
0.009853696033293181,0.01691107292200316,-0.0009321063815277333,17457
0.007989483270237714,0.018775285685058627,-0.0010652644360316951,40689
0.009986854087797143,0.01731054708551505,-0.0031957933080950856,64183
0.010120012142301104,0.016644756812995237,-0.0007989483270237714,22191
0.011851066850852611,0.019174759848570515,0.005060006071150552,45623
0.008122641324741676,0.015446334322459582,-0.0022636869265673524,3570
0.010918960469324876,0.015313176267955617,-0.0018642127630554665,27125
0.010785802414820914,0.02037318233910617,-0.0019973708175594286,50614
0.012117382959860534,0.0167779148674992,-0.0021305288720633903,8439
0.006791060779702058,0.011984224905356573,-0.0022636869265673524,32053
0.009321063815277333,0.014913702104443732,-0.001331580545039619,55669
0.007989483270237714,0.01611212459497939,0.0,13298
0.012916331286884304,0.018375811521546742,-0.0073236929977179045,36658
0.011584750741844684,0.01744370514001901,0.0001331580545039619,60594
0.011984224905356573,0.02170476288414579,-0.002530003035575276,18546
0.010918960469324876,0.016644756812995237,0.0002663161090079238,42099
0.013715279613908078,0.009454221869781294,-0.0015978966540475428,65336
0.014647385995435809,0.016511598758491276,-0.0007989483270237714,23347
0.01344896350490015,0.017976337358034857,0.00346210941710301,46901
0.011451592687340723,0.021837920938649752,0.00346210941710301,4600
0.009187905760773371,0.017976337358034857,-0.0031957933080950856,28464
0.009187905760773371,0.012916331286884304,0.0014647385995435807,51702
0.015180018213451656,0.017843179303530896,0.0005326322180158476,9589
0.009454221869781294,0.01384843766841204,0.0,33270
0.014514227940931847,0.018775285685058627,-0.0029294771990871615,56439
0.009187905760773371,0.016245282649483352,-0.0027963191445832,14647
0.005326322180158476,0.013182647395892227,-0.002663161090079238,37871
0.014114753777419962,0.017976337358034857,0.0014647385995435807,61686
0.008255799379245638,0.016245282649483352,-0.0009321063815277333,19704
0.012250541014364496,0.0167779148674992,-0.005858954398174323,43063
0.0042610577441267805,0.014514227940931847,0.0033289513625990473,1264
0.008655273542757524,0.01824265346704278,-0.005193164125654515,24497
0.009587379924285258,0.015845808485971467,0.0001331580545039619,47991
0.005459480234662438,0.013715279613908078,-0.0010652644360316951,6066
0.006125270507182248,0.017044230976507122,0.0001331580545039619,29365
0.007723167161229791,0.01691107292200316,0.0010652644360316951,53112
0.013182647395892227,0.018508969576050704,-0.0006657902725198095,10932
0.013715279613908078,0.017843179303530896,-0.0049268480166465905,34484
0.012383699068868458,0.017710021249026934,-0.003062635253591124,57714
0.009321063815277333,0.015579492376963544,-0.0006657902725198095,15927
0.009986854087797143,0.017177389031011087,0.0007989483270237714,39223
0.010519486305812991,0.013715279613908078,-0.0031957933080950856,62837
0.013582121559404116,0.015845808485971467,0.001731054708551505,20656
0.011451592687340723,0.016378440703987314,0.005459480234662438,44405
0.010785802414820914,0.011717908796348646,0.0,2101
0.011451592687340723,0.019707392066586362,-0.0019973708175594286,25400
0.016511598758491276,0.01384843766841204,-0.002530003035575276,49265
0.007057376888709981,0.013715279613908078,-0.003994741635118857,6966
0.008788431597261486,0.013981595722916,0.0022636869265673524,30577
0.00972053797878922,0.01478054404993977,0.005193164125654515,53871
0.008255799379245638,0.017044230976507122,0.006125270507182248,12020
0.005060006071150552,0.015046860158947694,0.0,35504
0.007856325215733753,0.01810949541253882,0.0035952674716069714,58614
0.004793689962142629,0.017843179303530896,-0.0033289513625990473,17138
0.012383699068868458,0.01890844373956259,-0.0009321063815277333,40433
0.0073236929977179045,0.015046860158947694,0.0006657902725198095,63919
0.009321063815277333,0.014247911831923924,-0.0022636869265673524,22069
0.011984224905356573,0.016644756812995237,-0.006791060779702058,45362
0.007989483270237714,0.017576863194522972,0.0019973708175594286,3376
0.008122641324741676,0.018508969576050704,-0.0027963191445832,26863
0.011984224905356573,0.012383699068868458,-0.003994741635118857,50164
0.009454221869781294,0.0195742340120824,-0.00625842856168621,8114
0.01251685712337242,0.017710021249026934,-0.004793689962142629,31600
0.015313176267955617,0.011717908796348646,-0.0007989483270237714,55223
0.008921589651765448,0.015446334322459582,0.001731054708551505,13176
0.012383699068868458,0.015845808485971467,0.0003994741635118857,36658
0.015446334322459582,0.018508969576050704,-0.0011984224905356572,60338
0.010785802414820914,0.0167779148674992,0.0033289513625990473,18096
0.008655273542757524,0.015712650431467506,0.033156355571486516,41455
0.014647385995435809,0.021438446775137867,-0.0049268480166465905,65203
