17923,255,4607
17155,1535,3583
17155,1535,3583
16899,255,3071
16899,255,3071
17411,255,3839
16899,1023,4095
16899,1023,4095
17411,-2,3839
17411,-2,3839
17411,767,3583
17411,767,3583
17923,-2,3327
17667,1279,3839
17667,1279,3839
16643,511,3327
16643,511,3327
18179,-258,3071
18179,-258,3071
17411,-258,3839
17923,-258,4351
17923,-258,4351
17923,-1026,3839
17923,-1026,3839
18435,-2,5119
18435,-2,5119
19459,255,4863
18947,2559,5119
18947,2559,5119
17923,767,3839
17923,767,3839
19459,511,4351
19459,511,4351
19459,511,4351
19715,1535,5375
19715,1535,5375
19715,1791,4607
19715,1791,4607
19971,1023,4351
18435,2303,4351
18435,2303,4351
19203,1791,4863
19203,1791,4863
18435,1535,4351
18435,1535,4351
18435,1023,5119
18179,2559,4607
18179,2559,4607
17155,2047,4095
17155,2047,4095
16643,2559,4095
16643,2559,4095
15619,3839,5887
15363,3839,4863
15363,3839,4863
16387,4351,4607
16387,4351,4607
16643,3839,6143
16643,3839,6143
16643,4351,6399
17155,3839,6143
17155,3839,6143
15875,3327,7423
15875,3327,7423
17411,3583,5887
17411,3583,5887
18435,3839,4863
17923,4607,6143
17923,4607,6143
17923,3583,5887
17923,3583,5887
18179,1791,4863
18179,1791,4863
18179,1791,4863
18179,4863,5631
18179,4863,5631
19203,4607,4863
19203,4607,4863
18179,5887,4863
18435,6399,4863
18435,6399,4863
19715,6143,5375
19715,6143,5375
19715,5375,5375
19715,5375,5375
20739,5119,5887
20227,4351,5631
20227,4351,5631
19971,2815,5631
19971,2815,5631
19971,2559,5887
19971,2559,5887
19971,1535,5375
19715,2047,5631
19715,2047,5631
19971,1279,6143
19971,1279,6143
19459,767,5887
19459,767,5887
19459,1279,5375
19459,1279,6399
19459,1279,6399
17923,2303,5119
17923,2303,5119
16643,2815,5375
16643,2815,5375
16643,2815,5375
15875,3327,5631
15875,3327,5631
15875,3071,6655
15875,3071,6655
15363,2047,6399
14851,4351,6911
14851,4351,6911
14851,767,7167
14851,767,7167
14083,255,8447
14083,255,8447
14595,-770,8447
14595,-2,8959
14595,-2,8959
14339,-2,8191
14339,-2,8191
13571,-258,8447
13571,-258,8447
13315,255,8191
13571,511,9215
13571,511,9215
14339,-258,8447
14339,-258,8447
13827,767,7423
13827,767,7423
14595,2047,6911
14595,3327,6655
14595,3327,6655
14595,1023,6911
14595,1023,6911
14083,511,8447
14083,511,8447
14083,511,8447
14595,2047,8191
14595,2047,8191
14339,511,8191
14339,511,8191
15107,511,8703
15107,511,8703
15107,511,8703
14339,511,8447
14339,511,8447
14339,1023,8447
14339,1023,8447
13827,511,8703
14083,3327,8447
14083,3327,8447
13827,1023,8191
13827,1023,8191
14083,1279,8191
14083,1279,8191
13827,511,7679
13827,1791,8703
13827,1791,8703
14083,-2,8959
14083,-2,8959
14083,511,8703
14083,511,8703
14083,255,8447
12803,1023,8703
12803,1023,8703
13571,511,8703
13571,511,8703
14083,255,7935
14083,255,7935
13315,4351,8447
13571,1791,9471
13571,1791,9471
13315,1279,9471
13315,1279,9471
13315,1535,9215
13315,1535,9215
13315,1535,9215
12803,2559,9727
12803,2559,9727
12291,1279,9983
12291,1279,9983
12803,1279,8703
13059,1023,9983
13059,1023,9983
12035,1279,9727
12035,1279,9727
13315,767,9215
13315,767,9215
13059,1791,10495
12547,2559,9471
12547,2559,9471
12035,2303,10239
12035,2303,10239
12291,2303,10239
12291,2303,10239
11779,2047,9727
12547,2815,10751
12547,2815,10751
11779,3327,10751
11779,3327,10751
12547,3583,9983
12547,3583,9983
13571,3583,10495
14339,3583,9727
14339,3583,9727
13827,2559,9727
13827,2559,9727
13315,2559,10495
13315,2559,10495
13315,2559,10495
13571,2559,10239
13571,2559,10239
13827,2047,9983
13827,2047,9983
14339,767,9727
14339,767,9727
14339,767,9727
14595,511,10239
14595,511,10239
14339,1279,8959
14339,1279,8959
15107,1023,10239
14339,-258,9727
14339,-258,9727
14851,767,9727
14851,767,9727
13827,767,9215
13827,767,9215
13827,1023,9215
14851,1791,10239
14851,1791,10239
14339,767,9727
14339,767,9727
14851,1023,9727
14851,1023,9727
14595,767,10751
13827,767,9983
13827,767,9983
15107,-2050,11007
15107,-2050,11007
17411,-3842,12799
17411,-3842,12799
17923,-3842,13311
17923,-3842,12799
17923,-3842,12799
17923,-3074,13055
17923,-3074,13055
17155,-3330,13311
17155,-3330,13311
17155,-3330,13311
17411,-2050,12799
17411,-2050,12799
16899,-2818,13055
16899,-2818,13055
17923,-3074,13567
18435,-2306,13567
18435,-2306,13567
17155,-3330,13567
17155,-3330,13567
17667,-3074,14591
17667,-3074,14591
17923,-4098,13567
18435,-4610,13823
18435,-4610,13823
18691,-5122,14079
18691,-5122,14079
16899,-5378,14079
16899,-5378,14079
17923,-4610,13823
17667,-3586,15103
17667,-3586,15103
17155,-3842,14591
17155,-3842,14591
16899,-2562,15359
16899,-2562,15359
17923,-2562,14847
16899,-1282,15359
16899,-1282,15359
16899,-2562,14591
16899,-2562,14591
16899,-1794,14335
16899,-1794,14335
16899,-1794,14335
17411,-1282,15359
17411,-1282,15359
16643,-2050,13311
16643,-2050,13311
16387,-2050,14591
16643,511,13823
16643,511,13823
17155,-3074,14079
17155,-3074,14079
16387,-2818,13567
16387,-2818,13567
16899,-3074,14335
16643,-2562,14079
16643,-2562,14079
17155,-2050,13567
17155,-2050,13567
17155,-2818,14079
17155,-2818,14079
16899,-2306,14079
17411,-2562,14335
17411,-2562,14335
16643,-2562,13823
16643,-2562,13823
17411,-2818,13823
17411,-2818,13823
16387,-3074,14079
16643,-2050,14335
16643,-2050,14335
17411,-2818,14079
17411,-2818,14079
17155,-2050,14847
17155,-2050,14847
17155,-2050,14847
16387,-1538,14847
16387,-1538,14847
16131,-1794,14847
16131,-1794,14847
16131,-2306,14335
16131,767,13567
16643,767,13567
17155,-1282,13823
17155,-1282,13823
17155,-1538,13311
17155,-1538,13311
17155,-2050,13055
16387,-1026,13823
16387,-1026,13823
16899,-2306,12799
16899,-2306,12799
16643,-2562,12799
16643,-2562,12799
17155,-2562,13567
17411,-2306,13055
17411,-2306,13055
17155,-2818,12287
17155,-2818,12287
17155,-2050,12287
17155,-2050,12287
17155,-2562,12543
17155,-1794,13055
17155,-1794,13055
17411,-2562,12543
17411,-2562,12543
16899,-2818,13311
16899,-2818,13311
17667,-3074,11775
17923,-770,13567
17923,-770,13567
17155,-2818,12543
17155,-2818,12543
17667,-3074,12799
17667,-3074,12799
17667,-3074,12799
17667,-2306,13567
17667,-2306,13567
17155,-2818,13311
17155,-2818,13311
17411,-2306,12799
17411,-1794,12287
17411,-1794,12287
16643,-3074,13823
16643,-3074,13823
17667,-2562,12799
17667,-2562,12799
16387,-3330,12287
16899,-1538,12799
16899,-1538,12799
17155,-3330,12543
17155,-3330,12543
17667,-2306,13311
17667,-2306,13311
17411,-3074,12799
17667,-3330,12799
17667,-3330,12799
17923,-3330,12287
17923,-3330,12287
16643,-3586,12799
16643,-3586,12799
17667,-3074,13311
17155,-3074,13311
17155,-3074,13311
17155,-3586,12031
17155,-3586,12031
17411,-3586,12543
17411,-3586,12543
17411,-3586,12543
17155,-2306,12799
17155,-2306,12799
17155,-3330,13311
17155,-3330,13311
17411,-2818,12287
17411,-3330,11519
17411,-3330,11519
17155,-3330,12799
17155,-3330,12799
16899,-3842,13055
16899,-3842,13055
16387,-3586,12799
17411,-2818,13567
17411,-2818,13567
16899,-3586,12543
16899,-3586,12543
15875,-2818,12287
15875,-2818,12287
16643,-3842,12287
16387,-3330,11775
16387,-3330,11775
16131,-3842,12031
16131,-3842,12031
17155,-3842,12543
17155,-3842,12543
17411,-3842,12287
16899,-1538,12287
16899,-1538,12287
16899,-4354,11775
16899,-4354,11775
16387,-3842,12031
16387,-3842,12031
16387,-3842,12031
17155,-3586,12543
17155,-3586,12543
16899,-4354,12031
16899,-4354,12031
17411,-4098,11775
17667,-1282,12031
17667,-1282,12031
16899,-4866,12543
16899,-4866,12543
17667,-3842,11775
17667,-3842,11775
17411,-3842,12031
17411,-3330,12287
17411,-3330,12287
17155,-3842,13311
17155,-3842,13311
17667,-3842,11775
17667,-3842,11775
17155,-4354,11775
17923,-3586,12287
17923,-3586,12287
17155,-4098,11775
17155,-4098,11775
17411,-4610,11775
17411,-4610,11775
16643,-4354,12287
17155,-3330,11775
17155,-3330,11775
17411,-3842,11775
17411,-3842,11775
16643,-3586,12031
16643,-3586,12031
16643,-3586,12031
17923,-3842,12031
17923,-3842,12031
17923,-3842,12287
17923,-3842,12287
17155,-4098,12031
17155,-1538,12543
16899,-1538,12543
17155,-3586,11775
17155,-3586,11775
16643,-4098,12287
16643,-4098,12287
17411,-4354,10751
17667,-3842,11775
17667,-3842,11775
16899,-3842,12031
16899,-3842,12031
16643,-3842,12031
16643,-3842,12031
17411,-3842,12287
18179,-2818,11775
18179,-2818,11775
16899,-3842,11775
16899,-3842,11775
17923,-3842,12031
17923,-3842,12031
17667,-4098,12031
17667,-3842,12031
17667,-3842,12031
18179,-4098,12287
18179,-4098,12287
17155,-3586,12031
17155,-3586,12031
17411,-3586,11007
16899,-3074,12287
16899,-3074,12287
16899,-4354,11775
16899,-4354,11775
17411,-3586,12287
17411,-3586,12287
17411,-3586,12287
17667,-3586,11775
17667,-3586,11775
17411,-4610,12287
17411,-4610,12287
16643,-4354,11775
16387,-3586,11263
16387,-3586,11263
16643,-3586,11519
16643,-3586,11519
17923,-4098,12287
17923,-4098,12287
17411,-3586,12287
17923,-2818,12031
17923,-2818,12031
17155,-3842,11519
17155,-3842,11519
17411,-3586,11519
17411,-3586,11519
16899,-4354,11775
17667,-3586,12031
17667,-3586,12031
17155,-4354,11775
17155,-4354,11775
17411,-3842,12031
17411,-3842,12031
17155,-1282,12031
17667,-2562,11519
17667,-2562,11519
16131,-3330,11519
16131,-3330,11519
17667,-4098,12287
17667,-4098,12287
17667,-4098,12287
17155,-3330,12031
17155,-3330,12031
17411,-4098,11775
17411,-4098,11775
17155,-4354,11519
18435,-3842,10751
18435,-3842,10751
17411,-4098,11519
17411,-4098,11519
17411,-4098,11263
17411,-4098,11263
16387,-3842,12031
16643,-2818,12287
16643,-2818,12287
17411,-4098,12031
17411,-4098,12031
16899,-4354,11007
16899,-4354,11007
17411,-4098,11519
16643,-3074,11775
16643,-3074,11775
16387,-3842,11775
16387,-3842,11775
17667,-4098,11263
17667,-4098,11263
17923,-3842,12031
17155,-3074,12031
17155,-3074,12031
17411,-3074,12287
17411,-3074,12287
17155,-3586,12031
17155,-3586,12031
17155,-3586,12031
17667,-3330,12287
17667,-3330,12287
17155,-4354,11775
17155,-4354,11775
17155,-4098,11263
17411,-1538,11007
17411,-1538,11007
17155,-2306,12031
17155,-2306,12031
16899,-4354,11775
16899,-4354,11775
17667,-4866,12287
17923,-3074,12543
17923,-3074,12543
17667,-3330,12031
17667,-3330,12031
16387,-3842,11775
16387,-3842,11775
17411,-4610,12031
17667,-3586,12031
17667,-3586,12031
16643,-4610,12287
16643,-4610,12287
16643,-3842,12287
16643,-3842,12287
17155,-4098,12799
17923,-3842,12031
17923,-3842,12031
17411,-4610,12799
17411,-4610,12799
17923,-3842,12287
17923,-3842,12287
17923,-3842,12287
17667,-2818,12031
17667,-2818,12031
17155,-3842,11775
17155,-3842,11775
17411,-4354,12287
17411,-4354,12287
17411,-4354,12287
16899,-3074,12543
16899,-3074,12543
17155,-3586,12031
17155,-3586,12031
17411,-3074,11775
17411,-1282,12543
17411,-1282,12543
17667,-2818,12543
17667,-2818,12543
16131,-4354,11263
16131,-4354,11263
17411,-3842,11263
16643,-2818,13055
16643,-2818,13055
16387,-4354,12799
16387,-4354,12799
17155,-3330,12799
17155,-3330,12799
16899,-3586,12031
17155,-4098,12287
17155,-4098,12287
17155,-3586,12543
17155,-3586,12543
17155,-4098,13311
17155,-4098,13311
16387,-1538,11775
17923,-2562,12799
17923,-2562,12799
16387,-3074,12287
16387,-3074,12287
17411,-3842,12031
17411,-3842,12031
17411,-3842,12031
17411,-2818,12287
17411,-2818,12287
17667,-3330,12287
17667,-3330,12287
17155,-3586,12799
17155,-3842,12031
17155,-3842,12031
17155,-4610,11519
17155,-4610,11519
16899,-3586,12287
16899,-3586,12287
16899,-4354,12287
17155,-4098,12031
17155,-4098,12031
16643,-3842,12287
16643,-3842,12287
17667,-4354,11775
17667,-4354,11775
17411,-4866,11775
17667,-4098,12287
17667,-4098,12287
17667,-4354,12031
17667,-4354,12031
17155,-3330,11775
17155,-3330,11775
17411,-3074,12799
18435,-2306,12799
18435,-2306,12799
17667,-4098,12543
17667,-4098,12543
17923,-3074,12031
17923,-3074,12031
17923,-3074,12031
18179,-2306,12287
18179,-2306,12287
16643,-3842,12031
16643,-3842,12031
16899,-3586,11775
16899,-3074,11263
17667,-3074,11263
17155,-3842,11775
17155,-3842,11775
16643,-4354,12543
16643,-4354,12543
17411,-4098,12031
17667,-2306,11775
17667,-2306,11775
17667,-3330,11519
17667,-3330,11519
16899,-3586,12031
16899,-3586,12031
17155,-4098,12287
17411,-3330,12287
17411,-3330,12287
17411,-3586,12543
17411,-3586,12543
17411,-3842,12799
17411,-3842,12799
17155,-3842,11007
18179,-3586,12543
18179,-3586,12543
17155,-3842,12799
17155,-3842,12799
17667,-4354,12287
17667,-4354,12287
17667,-4610,12543
17923,-2818,13311
17923,-2818,13311
16899,-4098,12031
16899,-4098,12031
17667,-3586,12287
17667,-3586,12287
17667,-3586,12287
16899,-2562,12799
16899,-2562,12799
16899,-3842,12543
16899,-3842,12543
17923,-4098,12543
17411,-3586,12543
17411,-3586,12543
17923,-3842,12543
17923,-3842,12543
16643,-4610,12799
16643,-4610,12799
17667,-3330,11775
18179,-4098,12031
18179,-4098,12031
17923,-3842,12543
17923,-3842,12543
18179,-4354,11775
18179,-4354,11775
17155,-4610,12543
16899,-4354,11263
16899,-4354,11263
17411,-4610,10495
17411,-4610,10495
17667,-5122,10239
17667,-5122,10239
18435,-4866,10495
17923,-3586,10751
17923,-3586,10751
17667,-5378,10495
17667,-5378,10495
17923,-5122,9983
17923,-5122,9983
17923,-5122,9983
17667,-4098,10751
17667,-4098,10751
17411,-5890,11007
17411,-5890,11007
17155,-4866,11519
17411,-2562,10239
17411,-2562,10239
17667,-4354,10495
17667,-4354,10495
17155,-4866,11519
17155,-4866,11519
17667,-3842,10495
17923,-4098,11007
17923,-4098,11007
17155,-5122,10751
17155,-5122,10751
16899,-4866,10751
16899,-4866,10751
17155,-4866,10495
17411,-3586,10751
17411,-3586,10751
17155,-4354,11519
17155,-4354,11519
16899,-4098,11263
16899,-4098,11263
16899,-3586,11263
16387,-3330,12287
16387,-3330,12287
16387,-3074,11775
16387,-3074,11775
16643,-3330,12287
16643,-3330,12287
16643,-3330,12287
16387,-2562,11007
16387,-2562,11007
16387,-3842,10751
16387,-3842,10751
16131,-4610,12543
16131,-4610,12543
16131,-4610,12543
16387,-4354,11263
16387,-4354,11263
16643,-4866,11775
16643,-4866,11775
17155,-4866,11007
17155,-3842,12031
17155,-3842,12031
17667,-5378,11775
17667,-5378,11775
16899,-4354,11775
16899,-4354,11775
17155,-5122,11775
16643,-4866,11775
16643,-4866,11775
17411,-5634,12287
17411,-5634,12287
19715,-5122,14079
19715,-5122,14079
18435,-2306,12543
17155,-2306,12799
17155,-2306,12799
16643,-2562,11007
16643,-2562,11007
17155,-3074,12031
17155,-3074,12031
17155,-514,11519
17923,-1794,11775
17923,-1794,11775
17411,-2818,11519
17411,-2818,11519
17411,-3586,11519
17411,-3586,11519
17411,-3586,11519
17667,-4610,11775
17667,-4610,11775
17667,-3842,12543
17667,-3842,12543
16643,-3330,12799
17923,-3074,11775
17923,-3074,11775
17155,-4354,11775
17155,-4354,11775
16387,-3842,11519
16387,-3842,11519
16387,-3074,11263
17155,-2818,12543
17155,-2818,12543
16131,-3074,10495
16131,-3074,10495
15363,-2306,11775
15363,-2306,11775
14595,-2562,11007
13571,-258,9215
13571,-258,9215
13315,2047,6399
13315,2047,6399
14339,6143,3839
14339,6143,3839
17923,11263,2559
22275,15615,1279
22275,15615,1279
30211,15103,3327
30211,15103,3327
-28669,12031,5119
-28669,12031,5119
-28669,12031,5119
-23293,3071,11775
-23293,3071,11775
-22269,-2,14079
-22269,-2,14079
-22781,-2562,15615
-23037,-1794,15871
-23037,-1794,15871
-23293,-6146,17407
-23293,-6146,17407
-23805,-7426,16895
-23805,-7426,16895
-24317,-10754,17407
-23549,-12546,19455
-23549,-12546,19455
-24829,-15618,18943
-24829,-15618,18943
-25085,-15362,18687
-25085,-15362,18687
-25085,-16642,19199
-24829,-13826,18431
-24829,-13826,18431
-22269,-3842,11775
-22269,-3842,11775
-31997,18431,9983
-31997,18431,9983
29187,8703,24319
23811,-16642,19967
23811,-16642,19967
16131,-13570,8447
16131,-13570,8447
15619,-6658,8959
15619,-6658,8959
15619,-6658,8959
16387,-3586,11007
16387,-3586,11007
16131,-4098,11775
16131,-4098,11775
17411,-3842,11263
17411,-3842,11263
17411,-3842,11263
17411,-3586,11007
17411,-3586,11007
17411,-3586,10495
17411,-3586,10495
17923,-3586,10495
18179,-4098,11263
18179,-4098,11263
17411,-3330,11007
17411,-3330,11007
17923,-4098,10751
17923,-4098,10751
16387,-4354,10751
17667,-3074,11007
17667,-3074,11007
17155,-3842,10495
17155,-3842,10495
17155,-4098,11007
17155,-4098,11007
16899,-3330,10751
17411,-4354,10495
17411,-4354,10495
17155,-3842,11007
17155,-3842,11007
16387,-4098,11775
16387,-4098,11775
17411,-4354,11519
16899,-2818,12031
16899,-2818,12031
17411,-4866,11263
17411,-4866,11263
16387,-4610,11519
16387,-4610,11519
16387,-4610,11519
17667,-4098,12287
17667,-4098,12287
17155,-4098,12543
17155,-4098,12543
17155,-5122,12031
16643,-2818,13055
16643,-2818,13055
17411,-4098,12543
17411,-4098,12543
17155,-4866,12287
17155,-4866,12287
17155,-3842,12543
17155,-3330,12799
17155,-3330,12799
17155,-4098,12543
17155,-4098,12543
17411,-3074,12799
17411,-3074,12799
17411,-3842,13055
17411,-3586,12799
17411,-3586,12799
17411,-3842,12799
17411,-3842,12799
18179,-3586,13055
18179,-3586,13055
17923,-4098,13567
17155,-3330,13311
17155,-3330,13311
17923,-3586,12543
17923,-3586,12543
17923,-3842,13055
17923,-3842,13055
17923,-3842,13055
18179,-2562,13567
18179,-2562,13567
17411,-3330,12799
17411,-3330,12799
17155,-3842,14079
17411,-3330,13567
17411,-3330,13567
17667,-3330,13055
17667,-3330,13055
17411,-4354,13823
17411,-4354,13823
17411,-3842,12287
18179,-3586,13311
18179,-3586,13311
17667,-3330,13311
17667,-3330,13311
17667,-3586,13311
17667,-3586,13311
17411,-3074,13567
16899,-2306,14335
16899,-2306,14335
17667,-3586,14079
17667,-3586,14079
16387,-3586,13823
16387,-3586,13823
17667,-3842,13567
17923,-2306,14335
17923,-2306,14335
17155,-3330,12799
17155,-3330,12799
17155,-3586,12543
17155,-3586,12543
17155,-3586,12543
17411,-3074,14335
17411,-3074,14335
16643,-3074,13311
16643,-3074,13311
17667,-4354,13311
16899,-2050,13055
16899,-2050,13055
17667,-3330,13823
17667,-3330,13823
16899,-3586,13055
16899,-3586,13055
16899,-3842,12799
17923,-2562,13311
17923,-2562,13311
17923,-3074,13823
17923,-3074,13823
17411,-3842,13567
17411,-3842,13567
17155,-3586,12799
17411,-3074,13567
17411,-3074,13567
17411,-3586,14079
17411,-3586,14079
16899,-3074,13055
16899,-3074,13055
17411,-3586,14079
17155,-3842,12799
17155,-3842,12799
16643,-3842,13567
16643,-3842,13567
17155,-3586,13567
17155,-3586,13567
17155,-3586,13567
17411,-2050,12287
17411,-2050,12287
17155,-3330,13567
17155,-3330,13567
17667,-4098,12287
17667,-4098,12287
17667,-4098,12287
17155,-2562,13567
17155,-2562,13567
17667,-3330,12799
17667,-3330,12799
16643,-3586,13311
17923,-1026,13567
17923,-1026,13567
17411,-3074,13055
17411,-3074,13055
17667,-3586,13055
17667,-3586,13055
17411,-3074,12799
17923,-3842,12543
17923,-3842,12543
17923,-2818,12543
17923,-2818,12543
16899,-3586,12799
16899,-3586,12799
16643,-3586,13311
17155,-3586,12287
17155,-3586,12287
17923,-3074,12287
17923,-3074,12287
17667,-3074,12031
17667,-3074,12031
17411,-3330,12543
18179,-1282,13311
18179,-1282,13311
17667,-3586,13311
17667,-3586,13311
17155,-3842,13311
17155,-3842,13311
17155,-3842,13311
17667,-4354,13567
17667,-4354,13567
17155,-3586,12799
17155,-3586,12799
17155,-3586,13311
16899,-2050,13567
16899,-2050,13567
17411,-3330,13311
17411,-3330,13311
16899,-2562,14079
16899,-2562,14079
16643,-3330,13823
16899,-2050,14335
16899,-2050,14335
17923,-3330,14335
17923,-3330,14335
17923,-3074,13823
17923,-3074,13823
17923,-3074,13823
17155,-2562,13567
17155,-2562,13567
17155,-3074,14079
17155,-3074,14079
17155,-2562,13311
17155,-2562,13311
17667,-258,12287
18179,-1538,13567
18179,-1538,13567
16899,-3330,14079
16899,-3330,14079
17923,-3074,12543
17923,-3074,12543
17923,-3074,12543
18691,-2818,13055
18691,-2818,13055
17667,-3586,13055
17667,-3586,13055
17667,-3842,13055
18179,-4098,13055
18179,-4098,13055
17411,-3586,12799
17411,-3586,12799
17923,-4098,12799
17923,-4098,12799
17411,-2562,13567
18947,-2306,13055
18947,-2306,13055
18691,-2818,12799
18691,-2818,12799
20227,-3330,12799
20227,-3330,12799
20483,-4610,13567
22275,-5378,14847
22275,-5378,14847
21507,-7682,15871
21507,-7682,15871
20995,-8706,16383
20995,-8706,16383
20995,-11010,15615
19203,-10242,17919
19203,-10242,17919
17667,-12034,15871
17667,-12034,15871
17155,-11778,16639
17155,-11778,16639
17155,-11778,16639
16899,-9986,16127
16899,-9986,16127
14851,-9986,15103
14851,-9986,15103
14851,-9986,15359
15107,-7426,16127
15107,-7426,16127
15363,-10242,15359
15363,-10242,15359
15107,-9730,15871
15107,-9730,15871
14851,-9730,15871
14595,-8962,16383
14595,-8962,16383
17667,-10498,17919
17667,-10498,17919
20227,-8450,16639
20227,-8450,16639
17923,-7682,11519
16899,-3842,12543
16899,-3842,12543
16643,-3586,13823
16643,-3586,13823
16643,-3842,12799
16643,-3842,12799
17155,-3842,12799
17155,-2562,12799
17155,-2562,12799
16899,-3330,12799
16899,-3330,12799
16643,-4610,13055
16643,-4610,13055
16643,-4610,13055
14851,-6914,11007
14851,-6914,11007
15363,-11266,11775
15363,-11266,11775
15875,-8194,16127
15875,-514,16895
16643,-514,16895
17923,-2050,14591
17923,-2050,14591
17923,-2050,13823
17923,-2050,13823
17667,-2562,13055
17667,-2306,13055
17667,-2306,13055
17667,-2562,11775
17667,-2562,11775
17667,-1794,12543
17667,-1794,12543
17411,-2562,12799
17667,-2050,12287
17667,-2050,12287
18179,-2050,12799
18179,-2050,12799
16899,-3074,12287
16899,-3074,12287
17155,-3330,13055
18179,-2050,12287
18179,-2050,12287
18179,-2050,12799
18179,-2050,12799
17667,-1282,12799
17667,-1282,12799
18435,-1538,11519
17667,-2,12287
17667,-2,12287
17155,-1794,12543
17155,-1794,12543
17411,-1538,12799
17411,-1538,12799
17411,-1538,12799
17411,-1026,11775
17411,-1026,11775
17155,-2050,11775
17155,-2050,11775
17667,-1282,12799
17411,-1026,13567
17411,-1026,13567
17411,-1794,12031
17411,-1794,12031
17667,-2050,13055
17667,-2050,13055
17411,-1538,12287
17667,-1026,12799
17667,-1026,12799
17411,-2050,12031
17411,-2050,12031
17667,-1794,12031
17667,-1794,12031
17155,-1026,12543
17923,-1794,13311
17923,-1794,13311
17667,-2050,12031
17667,-2050,12031
17411,-1538,12799
17411,-1538,12799
17667,-770,12799
17155,-1794,13055
17155,-1794,13055
17667,-2562,12287
17667,-2562,12287
17923,-3586,13055
17923,-3586,13055
17923,-3586,13055
17923,-3074,12287
17923,-3074,12287
17667,-2818,12287
17667,-2818,12287
17411,-2306,12543
17667,-2562,12287
17667,-2562,12287
17155,-2050,11519
17155,-2050,11519
17411,-2562,12799
17411,-2562,12799
17411,-2562,12287
16387,-1282,13311
16387,-1282,13311
17411,-1794,12543
17411,-1794,12543
16899,-1026,13823
16899,-1026,13823
16643,-514,13055
16387,-2,12799
16387,-2,12799
17155,-258,13311
17155,-258,13311
16131,-514,14079
16131,-514,14079
16387,-770,14335
16899,-770,14335
16899,-770,14335
16643,-514,13311
16643,-514,13311
16643,-1282,14079
16643,-1282,14079
16643,-1282,14079
17155,-2,14335
17155,-2,14335
16643,-770,13823
16643,-770,13823
16899,-514,13823
17411,1279,13567
17411,1279,13567
16643,-1026,13567
16643,-1026,13567
15875,-1538,13567
15875,-1538,13567
16387,-1538,13055
16643,-1026,13567
16643,-1026,13567
16643,-2050,13823
16643,-2050,13823
17155,-3330,15103
17155,-3330,15103
16899,-3074,14079
16643,-1026,13823
16643,-1026,13823
16643,-2,12799
16643,-2,12799
16643,-2,12031
16643,-2,12031
16387,-2,12543
17155,511,13311
17155,511,13311
17667,-2,13567
17667,-2,13567
17667,-1026,13823
17667,-1026,13823
17155,-2562,13567
17411,-770,15615
17411,-770,15615
17411,-2050,15103
17411,-2050,15103
17923,-1794,14847
17923,-1794,14847
17923,-1794,14847
17411,-1026,14335
17411,-1026,14335
16643,-1282,14079
16643,-1282,14079
17155,-514,14847
16387,-1026,14335
16387,-1026,14335
16899,-2050,15103
16899,-2050,15103
16643,-2050,14847
16643,-2050,14847
17667,-1282,14335
17155,-1026,15103
17155,-1026,15103
16643,-2050,14591
16643,-2050,14591
16899,-2050,14591
16899,-2050,14591
16387,-1538,14591
16643,-2306,14847
16643,-2306,14847
16643,-1794,14591
16643,-1794,14591
16899,-1794,14847
16899,-1794,14847
16899,-770,15615
17411,-1026,15103
17411,-1026,15103
17667,-1538,15103
17667,-1538,15103
16131,-1794,15103
16131,-1794,15103
16131,-1794,15103
16643,-514,15103
16643,-514,15103
16131,-1538,15103
16131,-1538,15103
16899,-1282,15103
17155,-770,14591
17155,-770,14591
17411,-1794,14847
17411,-1794,14847
17155,-1794,15359
17155,-1794,15359
16387,-2050,15103
16387,-514,15359
16387,-514,15359
16643,-514,15359
16643,-514,15359
16131,-1282,16383
16131,-1282,16383
16899,-1026,14591
16387,-1538,15359
16387,-1538,15359
16387,-1538,15103
16387,-1538,15103
17155,-1282,15359
17155,-1282,15359
16899,-770,16383
17411,-2,16383
17411,-2,16383
16387,-258,16383
16387,-258,16383
17155,-770,15615
17155,-770,15615
17155,-770,15615
17667,-2,16639
17667,-2,16639
16643,-1026,15615
16643,-1026,15615
16899,-1282,15359
16643,1535,14847
16643,1535,14847
16131,-1538,15103
16131,-1538,15103
16387,-2306,15103
16387,-2306,15103
16899,-1794,15103
16899,-1282,16127
16899,-1282,16127
16899,-2050,15359
16899,-2050,15359
16387,-2562,15103
16387,-2562,15103
16387,-2050,16639
17155,-770,15103
17155,-770,15103
16643,-2562,15359
16643,-2562,15359
16643,-1794,15359
16643,-1794,15359
15875,-2306,15615
16643,-770,15359
16643,-770,15359
15875,-2050,16127
15875,-2050,16127
16643,-2050,16127
16643,-2050,16127
16643,-2050,16127
16131,-258,15871
16131,-258,15871
16131,-1538,15359
16131,-1538,15359
16643,-1794,14847
16643,-1794,14847
16643,-1794,14847
17155,-1538,15871
17155,-1538,15871
16643,-1794,15103
16643,-1794,15103
16899,-1538,14847
16899,-1282,16383
16899,-1282,16383
15875,-2306,16127
15875,-2306,16127
16643,-2562,15359
16643,-2562,15359
17155,-2306,15615
16387,-2818,15615
16387,-2818,15615
15363,-3842,15615
15363,-3842,15615
15107,-3074,16639
15107,-3074,16639
13315,-3586,15615
11523,-3842,14847
11523,-3842,14847
9219,-2818,14591
9219,-2818,14591
6403,-2050,12287
6403,-2050,12287
4355,-514,11263
2819,3327,9215
2819,3327,9215
515,4607,6911
515,4607,6911
515,7679,4863
515,7679,4863
515,7679,4863
3,14335,2303
3,14335,2303
1283,16383,1279
1283,16383,1279
3331,20479,-2
6659,23039,767
6659,23039,767
9219,24063,511
9219,24063,511
13571,24575,255
13571,24575,255
15875,25599,1023
18435,25343,2559
18435,25343,2559
20739,24063,2047
20739,24063,2047
22531,23295,4607
22531,23295,4607
23043,23551,4607
24323,22783,5887
24323,22783,5887
24835,22271,5631
24835,22271,5631
23811,22527,6143
23811,22527,6143
24067,22783,6399
24067,23295,6655
24067,23295,6655
24067,22527,6399
24067,22527,6399
24323,22015,5887
24323,22015,5887
24323,22015,5887
24579,23039,5887
24579,23039,5887
24835,21503,4863
24835,21503,4863
17411,24063,1535
6659,19455,2559
6659,19455,2559
7939,4351,9471
7939,4351,9471
10755,-258,13311
10755,-258,13311
14339,-1282,15103
16131,-770,15103
16131,-770,15103
16899,-2050,15871
16899,-2050,15871
16643,-1538,15103
16643,-1538,15103
16899,-2306,15615
16387,-1026,15103
16387,-1026,15103
16387,-2306,15103
16387,-2306,15103
16387,-1538,15615
16387,-1538,15615
16131,-2050,14847
17667,-2050,15871
17667,-2050,15871
16643,-2050,15103
16643,-2050,15103
16643,-2818,14591
16643,-2818,14591
16643,-2818,14591
16899,-1282,15359
16899,-1282,15359
16387,-2562,14847
16387,-2562,14847
17411,-2306,14847
17411,-2306,14847
17411,-2306,14847
16643,-1794,15103
16643,-1794,15103
16387,-1538,15615
16387,-1538,15615
16643,-1794,14847
17667,-2050,14591
17667,-2050,14591
16131,-1026,15615
16131,-1026,15615
16643,-1538,15103
16643,-1538,15103
17667,-1026,15615
17411,-2,14591
17411,-2,14591
17411,511,14847
17411,511,14847
16899,-2,13823
16899,-2,13823
17155,767,13311
17155,511,13311
17155,511,13311
17667,255,13567
17667,255,13567
17923,255,13055
17923,255,13055
17923,-258,13311
17155,1023,14335
17155,1023,14335
15875,-258,13567
15875,-258,13567
15619,-258,13823
15619,-258,13823
15619,-258,13823
15363,-2,12799
15363,-2,12799
15619,-1538,12799
15619,-1538,12799
15875,-1026,13055
16131,-1282,13567
16131,-1282,13567
15619,-2050,13055
15619,-2050,13055
15363,-1282,13055
15363,-1282,13055
15363,-1026,12799
15619,-2,13055
15619,-2,13055
15363,-1282,12287
15363,-1282,12287
15107,-1794,12031
15107,-1794,12031
14851,-514,12287
15107,-770,12543
15107,-770,12543
15363,-2050,13055
15363,-2050,13055
15363,-1794,12799
15363,-1794,12799
15107,767,11775
15619,-1282,12543
15619,-1282,12543
15107,-2306,13055
15107,-2306,13055
15107,-1538,13055
15107,-1538,13055
15107,-1538,13055
15875,-770,12799
15875,-770,12799
15619,-1538,12543
15619,-1538,12543
15875,-1538,13311
15875,1279,13567
15875,1279,13567
16131,-514,12543
16131,-514,12543
16131,-514,13055
16131,-514,13055
16643,1535,11775
15619,5119,10495
15619,5119,10495
16643,5119,9471
16643,5119,9471
15875,5375,8959
15875,5375,8959
16131,5375,9471
15875,5631,10751
15875,5631,10751
15363,4351,10495
15363,4351,10495
15875,3839,11007
15875,3839,11007
16643,4351,10751
16387,4607,10751
16387,4607,10751
15875,4095,10751
15875,4095,10751
15363,4607,11007
15363,4607,11007
15363,4607,11007
15875,5887,10751
15875,5887,10751
16643,5119,9471
16643,5119,9471
16387,5375,10751
16387,5375,10751
16387,5375,10751
16131,5375,9727
16131,5375,9727
16387,4863,10495
16387,4863,10495
16131,5119,10495
16643,5631,10495
16643,5631,10495
16899,4351,11007
16899,4351,11007
15619,4351,10239
15619,4351,10239
15107,5375,10495
12547,1791,10751
12547,1791,10751
12547,1023,9727
12547,1023,9727
12803,767,10239
12803,767,10239
12291,511,9983
13315,767,10239
13315,767,10239
12803,1023,9983
12803,1023,9983
12291,767,9471
12291,767,9471
13827,1279,9727
14339,1791,10239
14339,1791,10239
13059,1791,9215
13059,1791,9215
13059,2047,9727
13059,2047,9727
13059,2047,9727
12803,2047,9215
12803,2047,9215
13315,1535,9215
13315,1535,9215
13315,1535,9727
13315,2047,10751
13315,2047,10751
14083,1535,9727
14083,1535,9727
14083,767,10239
14083,767,10239
13315,-258,10495
13827,-258,11263
13827,-258,11263
13315,255,11263
13315,255,11263
13571,-2,11519
13571,-2,11519
13315,-2,11519
12547,-2,10495
12547,-2,10495
13315,1023,10495
13315,1023,10495
13315,767,10495
13315,767,10495
13827,1023,10751
14339,2815,11007
14339,2815,11007
13059,1279,11519
13059,1279,11519
13059,1791,9727
13059,1791,9727
13059,1791,9727
13059,3071,11263
13059,3071,11263
12291,1535,11263
12291,1535,11263
12035,2559,11007
13315,5631,11263
13315,5631,11263
13059,2815,12031
13059,2815,12031
13571,3327,12287
13571,3327,12287
13827,2815,12031
14083,2303,12799
14083,2303,12799
14595,1535,13055
14595,1535,13055
15107,255,12031
15107,255,12031
15363,-2,12031
15363,767,12799
15363,767,12799
15619,-258,12799
15619,-258,12799
15619,-2,12031
15619,-2,12031
15363,-2,12287
15363,-514,11775
15363,-514,11775
15619,511,12031
15619,511,12031
15619,255,12543
15619,255,12543
15619,255,12543
14851,1023,11519
14851,1023,11519
13827,-2,10495
13827,-2,10495
13827,767,10495
13827,767,10495
13827,767,10495
13315,-1026,10239
13315,-1026,10239
13315,-514,11263
13315,-514,11263
13827,-1026,11263
13827,-2,11263
13827,-2,11263
13827,-1026,10239
13827,-1026,10239
14083,-514,10495
14083,-514,10495
14083,-770,11007
13571,-258,11263
13571,-258,11263
13315,-1282,10751
13315,-1282,10751
13315,-1282,10239
13315,-1282,10239
14339,-2306,11007
14595,-1282,10239
14595,-1282,10239
14083,-770,11263
14083,-770,11263
14083,-1794,11007
14083,-1794,11007
14083,-1282,10495
14851,-258,11007
14851,-258,11007
13827,-1794,10495
13827,-1794,10495
13315,-1282,10751
13315,-1282,10751
13315,-1282,10751
13571,-514,10751
13571,-514,10751
13571,-1026,9471
13571,-1026,9471
13315,-258,10495
13571,-1026,8959
13571,-1026,8959
12291,-1026,9215
12291,-1026,9215
11523,-1026,8191
11523,-1026,8191
10499,-2,7679
8963,1023,5631
8963,1023,5631
7171,3327,3839
7171,3327,3839
5123,7423,-258
5123,7423,-258
3843,12799,-5378
5379,21247,-9474
5379,21247,-9474
11267,29439,-14850
11267,29439,-14850
23811,-28673,-16386
23811,-28673,-16386
-28925,-26113,-13826
-14845,-28417,-7938
-14845,-28417,-7938
-6653,28415,-1538
-6653,28415,-1538
4,19455,5631
4,19455,5631
4,19455,5631
3844,767,16383
3844,767,16383
3076,-7682,19967
3076,-7682,19967
1284,-14850,21503
1796,-17154,23551
1796,-17154,23551
1540,-24578,22783
1540,-24578,22783
-253,-29698,24063
-253,-29698,24063
-1021,30206,22527
-253,29950,22271
-253,29950,22271
1796,-17922,18687
1796,-17922,18687
-765,6399,6143
-765,6399,6143
-18685,-31233,-4354
26115,-16385,7423
26115,-16385,7423
30211,27647,25343
30211,27647,25343
30723,-3330,23039
30723,-3330,23039
20739,-12290,14591
15875,-8194,12543
15875,-8194,12543
14083,-5890,11775
14083,-5890,11775
14339,-3842,12031
14339,-3842,12031
14339,-3842,12031
13571,-514,13311
13571,-514,13311
14339,-2306,13823
14339,-2306,13823
13571,-1026,12799
13571,-1026,12799
13571,-1026,12799
14851,-258,12799
14851,-258,12799
14595,-258,12543
14595,-258,12543
14851,-2,11519
16131,767,12543
16131,767,12543
15363,-2,11263
15363,-2,11263
15363,767,10751
15363,767,10751
14339,511,10495
14851,767,11007
14851,767,11007
14595,255,10495
14595,255,10495
14595,-2,11263
14595,-2,11263
15363,255,10751
15875,-514,11263
15875,-514,11263
15107,-258,10751
15107,-258,10751
15107,767,11519
15107,767,11519
16387,255,11007
16131,1023,11263
16131,1023,11263
15107,511,11263
15107,511,11263
15619,-770,11263
15619,-770,11263
15619,-770,11263
15363,-514,10495
15363,-514,10495
16131,-2,11263
16131,-2,11263
15619,-258,10495
15619,-258,11775
15619,-258,11775
15875,-514,11263
15875,-514,11263
15875,-1282,11263
15875,-1282,11263
16131,-770,11263
15107,-2,11775
15107,-2,11775
16131,-1794,11263
16131,-1794,11263
16131,-770,10751
16131,-770,10751
15875,-1538,11519
15875,-1538,11007
15875,-1538,11007
15363,-514,11775
15363,-514,11775
15363,-1026,11775
15363,-1026,11775
16131,-1282,10751
15619,511,12287
15619,511,12287
15363,-2050,11775
15363,-2050,11775
15619,-1026,11263
15619,-1026,11263
15619,-1026,11263
16131,-2,11775
16131,-2,11775
15619,-1282,12031
15619,-1282,12031
14851,-1794,11519
15107,1023,11775
15107,1023,11775
16387,-258,11775
16387,-258,11775
16131,-1282,12031
16131,-1282,12031
15875,-1794,11519
15875,-770,12031
15875,-770,12031
15107,-258,11775
15107,-258,11775
15363,-770,11775
15363,-770,11775
14851,-514,11775
15107,-770,12287
15107,-770,12287
15107,-1538,12287
15107,-1538,12287
16131,-2818,13311
16131,-2818,13311
16131,-3074,13055
15619,-3074,13055
15619,-3074,13055
15363,-4098,12287
15363,-4098,12287
15619,-4610,12287
15619,-4610,12287
15619,-4610,12287
15875,-2562,13311
15875,-2562,13311
14083,-4098,13055
14083,-4098,13055
14339,-4354,12799
14339,-4354,12799
14339,-4354,12799
13571,-2818,13567
13571,-2818,13567
13571,-2818,13823
13571,-2818,13823
14083,-1794,13311
14083,-1538,13567
14083,-1538,13567
13059,-1794,13567
13059,-1794,13567
14083,-2306,13567
14083,-2306,13567
13827,-2306,13567
14851,-1794,13823
14851,-1794,13823
13827,-2818,13567
13827,-2818,13567
14083,-2562,13567
14083,-2562,13567
15107,-2818,15103
14595,-4610,15103
14595,-4610,15103
15107,-4610,17663
15107,-4610,17663
16387,-4866,17919
16387,-4866,17919
16131,-1538,18175
16643,-2306,17407
16643,-2306,17407
16131,-3330,17151
16131,-3330,17151
16643,-3074,17151
16643,-3074,17151
16643,-3074,17151
18435,-2306,17663
18435,-2306,17663
19203,-3074,16127
19203,-3074,16127
19715,-3330,15871
19715,-3074,15615
19715,-3074,15615
19715,-4098,15359
19715,-4098,15359
19715,-4610,14591
19715,-4610,14591
20483,-4098,13567
20227,-3330,14335
20227,-3330,14335
20483,-4866,14335
20483,-4866,14335
20483,-3586,14591
20483,-3586,14591
19459,-2818,13823
20227,-2050,12799
20227,-2050,12799
19971,-1538,11519
19971,-1538,11519
18179,-258,10495
18179,-258,10495
18179,-1282,10495
17923,-1538,10495
17923,-1538,10495
17923,-2306,10239
17923,-2306,10239
18179,-2050,9983
18179,-2050,9983
18179,-2050,9983
19203,-1538,9983
19203,-1538,9983
17923,-2306,10239
17923,-2306,10239
17667,-1538,9983
18179,1791,8959
18179,1791,8959
16899,-1026,9983
16899,-1026,9983
18691,-770,9471
18691,-770,9471
19203,-514,8959
17667,-770,10239
17667,-770,10239
18179,-1282,9727
18179,-1282,9727
19203,-1282,9727
19203,-1282,9727
17923,-1794,10751
19715,-1282,10239
19715,-1282,10239
18691,-1282,9471
18691,-1282,9471
18435,-1026,9215
18435,-1026,9215
18947,-1794,8703
18691,-2,8959
18691,-2,8959
18435,-1794,8191
18435,-1794,8191
17923,-1282,8959
17923,-1282,8959
19203,-1282,7423
17923,-2,8191
17923,-2,8191
17411,-2562,7679
17411,-2562,7679
17667,-3074,7423
17667,-3074,7423
17667,-3074,7423
17923,-2818,5887
17923,-2818,5887
17411,-3842,5631
17411,-3842,5631
18435,-3842,4863
18435,-3074,3839
18435,-3074,3839
17923,-4610,4095
17923,-4610,4095
18691,-4098,4095
18691,-4098,4095
18435,-4354,4351
18947,-3330,4607
18947,-3330,4607
18179,-4098,3071
18179,-4098,3071
18691,-3330,3071
18691,-3330,3071
18435,-3074,2815
18947,-3330,3071
18947,-3330,3071
19971,-4098,4351
19971,-4098,4351
20483,-3330,6655
20483,-3330,6655
21251,2047,7167
21763,2303,8447
21763,2303,8447
19459,1535,8447
19459,1535,8447
18691,2047,7935
18691,2047,7935
18691,2047,7935
19715,3583,7935
19715,3583,7935
18179,1791,7679
18179,1791,7679
18947,1279,7423
19971,1791,7167
19971,1791,7167
18947,2047,7679
18947,2047,7679
20227,1791,7423
20227,1791,7423
19459,1535,7167
19459,3071,7679
19459,3071,7679
18947,2047,7167
18947,2047,7167
19459,1791,7679
19459,1791,7679
20483,1535,6399
19459,3071,7167
19459,3071,7167
19203,2047,6655
19203,2047,6655
19971,2303,6399
19971,2303,6399
19971,3327,6911
19971,4863,5887
19971,4863,5887
21251,3583,4863
21251,3583,4863
23043,6143,2303
23043,6143,2303
23043,6143,2303
-22269,9983,6655
-22269,9983,6655
3588,2815,17919
3588,2815,17919
-24060,-31490,-13313
1028,-17667,19968
1029,-17667,19968
-7676,-19460,-17408
-7676,-19460,-17408
18436,-7173,-6400
18436,-7173,-6400
-28413,-24581,-19456
771,-22533,25600
771,-22533,25600
-22014,-10501,9472
-22014,-10501,9472
-31486,508,768
-31486,508,768
-31998,5116,-769
-31486,13052,-3585
-31486,13052,-3585
-28158,15100,-5121
-28158,15100,-5121
-27646,18684,-6401
-27646,18684,-6401
-28670,18684,-5633
-27646,19964,-2561
-27646,19964,-2561
-15870,12028,2048
-15870,12028,2048
26371,5372,14080
26371,5372,14080
26371,5372,14080
-26364,-19459,22527
-26364,-19459,22527
12036,-31490,5631
12036,-31490,5631
-14589,-6658,6399
-14589,-6658,6399
-14589,-6658,6399
28419,2047,11519
28419,2047,11519
25091,4351,11263
25091,4351,11263
23811,2303,10239
21507,3327,11007
21507,3327,11007
22275,1791,9983
22275,1791,9983
21251,-2,9983
21251,-2,9983
20995,-1026,9727
20995,-514,11263
20995,-514,11263
18947,-2050,11007
18947,-2050,11007
18691,-2050,11007
18691,-2050,11007
17155,-1794,11775
19203,-1282,11007
19203,-1282,11007
17411,-2050,12799
17411,-2050,12799
17155,-2050,14847
17155,-2050,14847
17667,-770,14591
16899,-1282,14847
16899,-1282,14847
17411,-1794,14591
17411,-1794,14591
16899,-2050,14591
16899,-2050,14591
16899,-2050,14591
16899,-1026,14591
16899,-1026,14591
16387,-1794,14079
16387,-1794,14079
17411,-2050,14591
16899,-1794,14335
16899,-1794,14335
17155,-2050,14079
17155,-2050,14079
17155,-1538,14847
17155,-1538,14847
17155,-1538,13823
16387,-514,15103
16387,-514,15103
17411,-1538,14591
17411,-1538,14591
16899,-2050,14847
16899,-2050,14847
17155,-1282,14591
16899,-514,15615
16899,-514,15615
17411,-1538,14847
17411,-1538,14847
17411,-1538,14591
17411,-1538,14591
17411,-1538,14079
16899,-2562,15359
16899,-2562,15359
17667,-1794,14847
17667,-1794,14847
17155,-2562,15103
17155,-2562,15103
17155,-2562,15103
17155,-2,15103
17155,-2,15103
17411,-2562,14847
17411,-2562,14847
17411,-1282,14335
16899,1279,14335
16899,1279,14335
17155,-1538,15359
17155,-1538,15359
16387,-2050,14335
16387,-2050,14335
17411,-2050,14079
16387,-2050,14847
16387,-2050,14847
17667,-2050,13823
17667,-2050,13823
17411,-1794,14079
17411,-1794,14079
17411,-1794,14079
16643,-770,14847
16643,-770,14847
16643,-1538,14079
16643,-1538,14079
17155,-1282,13823
17155,-1282,13823
17155,-2050,14591
17411,-514,14847
17411,-514,14847
16643,-1026,15615
16643,-1026,15615
17411,-1538,14591
17411,-1538,14591
17411,-1538,14591
16643,-1282,14335
16643,-1282,14335
17411,-1794,14335
17411,-1794,14335
17155,-1794,14591
17155,-1794,14591
17155,-1794,14591
16387,-1282,13567
16387,-1282,13567
17155,-1026,14847
17155,-1026,14847
16899,-1538,15871
17667,-770,14847
17667,-770,14847
16643,-1538,14591
16643,-1538,14591
16387,-1794,13823
16387,-1794,13823
17667,-1794,14591
17667,-1282,13823
17667,-1282,13823
16643,-2306,14335
16643,-2306,14335
16899,-1794,15615
16899,-1794,15615
17155,-1794,15359
16643,-1026,14335
16643,-1026,14335
16899,-1538,14335
16899,-1538,14335
16131,-1794,14335
16131,-1794,14335
17411,-1794,14079
16899,-770,14847
16899,-770,14847
15875,-1794,14079
15875,-1794,14079
15875,-1538,14591
15875,-1538,14591
15875,-1538,14591
16899,-1282,15359
16899,-1282,15359
16899,-1794,14847
16899,-1794,14847
16643,-1538,14591
17411,-1282,14335
17411,-1282,14335
16899,-1538,14591
16899,-1538,14591
16643,-1282,14591
16643,-1282,14591
